category,category_slug,rows,parts,bytes
Brunette,brunette,79339,5,306925917
Big Tits,big-tits,167289,9,649350827
Blonde,blonde,76492,4,295906389
Babe,babe,337980,18,1317680003
Toys,toys,18103,1,68568632
Hardcore,hardcore,14359,1,55248488
Orgy,orgy,31846,2,124469948
Blowjob,blowjob,80457,5,312592755
Asian,asian,319656,17,1242656538
Pornstar,pornstar,9864,1,37919318
Masturbation,masturbation,61816,4,235653983
Lesbian,lesbian,10882,1,42291000
Ebony,ebony,14868,1,56735304
POV,pov,4928,1,18853346
Fisting,fisting,3080,1,11894392
Threesome,threesome,669,1,2557251
Amateur,amateur,1914135,100,7438404591
MILF,milf,7478,1,28526136
Rough Sex,rough-sex,536,1,2033664
Cumshot,cumshot,45534,3,174995362
Mature,mature,3065,1,11666970
Creampie,creampie,28363,2,109990393
Big Ass,big-ass,572823,30,2236730093
BBW,bbw,45261,3,173920634
Latina,latina,6705,1,25526927
Interracial,interracial,2791,1,10687935
Big Dick,big-dick,254794,14,988519774
Fetish,fetish,98673,6,378990982
18-25,18-25,14407,1,54920530
Public,public,6534,1,25008633
Anal,anal,9014,1,34153213
Squirt,squirt,984,1,3709161
Party,party,674,1,2550022
Bondage,bondage,17648,1,68319591
Striptease,striptease,124,1,467652
Reality,reality,3470,1,13304151
Transgender,transgender,11346,1,42982438
Solo Male,solo-male,135548,7,513571547
Webcam,webcam,1482,1,5567190
Gay,gay,6234,1,23528551
Latino,latino,18756,1,71825851
Twink (18+),twink-18,55119,3,212406160
Black,black,26775,2,102342207
Muscle,muscle,16378,1,63121674
Euro,euro,35235,2,135967472
Bareback,bareback,75019,4,290624479
Daddy,daddy,32290,2,124467047
Massage,massage,7740,1,29806223
Small Tits,small-tits,1752,1,6679569
Group,group,344,1,1303101
Japanese,japanese,13981,1,54233642
Handjob,handjob,14322,1,54426099
Vintage,vintage,316,1,1196054
Bisexual Male,bisexual-male,614,1,2319160
Celebrity,celebrity,5922,1,22727753
Red Head,red-head,921,1,3512774
Bukkake,bukkake,2536,1,9818145
Uncategorized,uncategorized,82,1,306873
Double Penetration,double-penetration,96,1,363456
Russian,russian,159,1,600999
Pissing,pissing,20,1,75168
Casting,casting,264,1,988863
Gangbang,gangbang,168,1,641155
Compilation,compilation,1318,1,5015728
Funny,funny,76,1,286912
Hentai,hentai,8446,1,32205129
SFW,sfw,2263,1,8403689
Popular With Women,popular-with-women,15,1,57402
Exclusive,exclusive,21000,2,79359595
Feet,feet,4916,1,18743782
Cartoon,cartoon,11480,1,43418862
Italian,italian,246,1,924679
Behind The Scenes,behind-the-scenes,46,1,174669
Solo Female,solo-female,554,1,2087999
German,german,119,1,454242
Role Play,role-play,1628,1,6241012
Smoking,smoking,692,1,2623326
Music,music,94,1,352270
Czech,czech,98,1,368783
Verified Amateurs,verified-amateurs,11351,1,43112387
Described Video,described-video,1,1,4014
College (18+),college-18,1972,1,7534255
Cuckold,cuckold,11,1,41870
Virtual Reality,virtual-reality,150,1,567863
British,british,155,1,588712
Cosplay,cosplay,7,1,26256
Brazilian,brazilian,99,1,374277
French,french,86,1,327347
Pussy Licking,pussy-licking,97,1,370652
180°,180,4,1,15478
Indian,indian,33,1,125095
Babysitter (18+),babysitter-18,248,1,931687
60FPS,60fps,905,1,3453753
Verified Models,verified-models,267,1,1014845
Verified Couples,verified-couples,5,1,18790
Korean,korean,66,1,249992
Step Fantasy,step-fantasy,26,1,99211
Arab,arab,56,1,211742
Female Orgasm,female-orgasm,10,1,37243
Parody,parody,10,1,37248
School (18+),school-18,361,1,1367311
Vertical Video,vertical-video,10,1,37473
Romantic,romantic,2,1,7542
Bear,bear,8,1,30335
Old/Young (18+),old-young-18,8,1,30691
360°,360,2,1,7563
Scissoring,scissoring,1,1,3826
Gaming,gaming,12,1,44858
HD Porn,hd-porn,1,1,3942
Tattooed Women,tattooed-women,1,1,3969
Podcast,podcast,1,1,3927
News & Commentary,news-commentary,1,1,3860
Uncensored,uncensored,1,1,3931
Culture & Society,culture-society,1,1,3854
Hunks,hunks,1,1,3935
Trans Male,trans-male,1,1,3888
Straight Guys,straight-guys,3,1,11807
Muscular Men,muscular-men,1,1,3903
Trans With Guy,trans-with-guy,1,1,3805
