category,category_slug,part,rows,bytes,sha256,path
Brunette,brunette,1,19702,74998575,abe3044deda945bae27de9af2161d2c3900c293f1bac58a4433f9c45ea017fda,categories/brunette/part-0001.csv
Brunette,brunette,2,19240,74997940,9c5b14ffe8cbe2babdc5792ae553f4059f1ea5515dfba0735b6e4a41132544ae,categories/brunette/part-0002.csv
Brunette,brunette,3,19240,74998056,50a27b2acdc6a6f76bc587166212fdf573672eb0c98b6d2291d7049ebac4e575,categories/brunette/part-0003.csv
Brunette,brunette,4,19355,74997493,3c17ca5e29a074280124818fc6b2e4ac5f27ced27c2b8f5f33e5873db8d707a7,categories/brunette/part-0004.csv
Brunette,brunette,5,1802,6933853,8dfd1330c5ab9882e778797425dc577b3608335cbbb469e4387a704d9061a8d0,categories/brunette/part-0005.csv
Big Tits,big-tits,1,19869,74999720,ee33a696b8a7140a1d1debf5208592903d060fdfc45e64d0d2baa219d530ed82,categories/big-tits/part-0001.csv
Big Tits,big-tits,2,19269,74998230,a625d3c4ccc3a771fd9bcc99e6f7ac4f1f78619e80b18a9d2c476c39c029e756,categories/big-tits/part-0002.csv
Big Tits,big-tits,3,19218,74996997,803703206c4136892b474d79adbe32df6f3affe605da3d8ae208548c1e179d1d,categories/big-tits/part-0003.csv
Big Tits,big-tits,4,19176,74996512,4754e666740380b597be9d2cb3a59faec2a8ed04a4fb806ec435c93932e35848,categories/big-tits/part-0004.csv
Big Tits,big-tits,5,19202,74997768,3484c014c03f37e4f77e2eaa1dc9727f66f3fa8a5e3e4255c913d7bf90abeefd,categories/big-tits/part-0005.csv
Big Tits,big-tits,6,19204,74998515,158f59bfca2520a4c41100117d31ba121267f09cac3c2a91c133bdf9ae6fde69,categories/big-tits/part-0006.csv
Big Tits,big-tits,7,19201,74997369,5a0b71df00fada0f0f8e845c4fc322292f107f07581a853767f6821a7a0aa6e2,categories/big-tits/part-0007.csv
Big Tits,big-tits,8,19380,74997982,5c978d56a48c06743de08638f8f6a469c9d824a89854fd7f33cebc85e12ddba0,categories/big-tits/part-0008.csv
Big Tits,big-tits,9,12770,49367734,5efa2e5fe031eb8e70b3d2dc4bc5d7a5c29f86091145f6df1f32b4705e8ff5e0,categories/big-tits/part-0009.csv
Blonde,blonde,1,19683,74996487,373c0bdba751a62f4a56175bca8a2648274c99b49e92b2a5edddb7de9c1f30d1,categories/blonde/part-0001.csv
Blonde,blonde,2,19221,74999134,369967832ec68be0fc797f724952d7d2b1eb536d9659a29628545fd002a6b919,categories/blonde/part-0002.csv
Blonde,blonde,3,19240,74998287,8b9e8ba171a5c448c35c8a11c1995aa8aee565ad15a19104b8978b858292db85,categories/blonde/part-0003.csv
Blonde,blonde,4,18348,70912481,39a97a4c2256c102df407430aa00251fe83374afdce0b18c09808297090d492d,categories/blonde/part-0004.csv
Babe,babe,1,19844,74999152,70ccc8282e880c9065fd0167711728214777b8381b9e58be11b367c787fcf946,categories/babe/part-0001.csv
Babe,babe,2,19262,74997336,e17379fcd0b800afcb5562cbad38c482b269a490170e29217ab2da210786d2b5,categories/babe/part-0002.csv
Babe,babe,3,19227,74999754,942224ff816771a12536fcf89c99cfd587d0b552abbd48b395536098fdd398cc,categories/babe/part-0003.csv
Babe,babe,4,19224,74998996,e9c3ae6ead1a65c18bf36b528eb5255b0e006cada15d134fac63a85740d7b7e3,categories/babe/part-0004.csv
Babe,babe,5,19189,74998583,3653cf568dbd4c69c378b1018b92a87eaedcdfd71844b019b3eec9d09bb541f8,categories/babe/part-0005.csv
Babe,babe,6,19196,74998047,59c1d1cf59da26d9a8453275ece317ca866f17f822816e1f5469827d9e9a415c,categories/babe/part-0006.csv
Babe,babe,7,19233,74997663,77a7ae23ee73603f64103831db108770f952310e3b45c13ad32f0d3c0df7ed9e,categories/babe/part-0007.csv
Babe,babe,8,19197,74999534,9647c6c63bc843091369cfcb4a4740e4dbc5544265999b76f9b8b4f00cae9ed9,categories/babe/part-0008.csv
Babe,babe,9,19164,74998756,5ba8e9373ad375288bb2170a66d8e16be1d8ff8ca4ca4ae270fa18ca1a2e55b1,categories/babe/part-0009.csv
Babe,babe,10,19161,74997169,97c1f92e41d03ad1275848113a81a1b3ac62776efde8e80f9a7840872fbbbc8f,categories/babe/part-0010.csv
Babe,babe,11,19147,74997639,88c08e9079a006748b8a55835f32afefaa891e2004a01ccaabf022426ad5ff3b,categories/babe/part-0011.csv
Babe,babe,12,19169,74999253,c9ef1aabd301032dfd3e013abdebecadbc98538a109cfef1288377aa137535d5,categories/babe/part-0012.csv
Babe,babe,13,19125,74997057,0dd4beeab7853bee1b717ec43435de64b74d3a3483d06cb41fee16b49d31a2e4,categories/babe/part-0013.csv
Babe,babe,14,19111,74998684,e87fdb642710c226a6192ab25e6e20180f2cceb037c273fb356c2c10c26ad517,categories/babe/part-0014.csv
Babe,babe,15,19120,74999710,af17f9d4485b17f83808596a420bf8de3a28245d57434b9368f760c16ea8406b,categories/babe/part-0015.csv
Babe,babe,16,19306,74998298,873d7e6fd9826433811e085c465effb790539e21fee9bd250f367a272589f17e,categories/babe/part-0016.csv
Babe,babe,17,19306,74999296,e7f440624015d1f7bc1caceb4a2da32cdbfb712947faad29caff489ca76c5aca,categories/babe/part-0017.csv
Babe,babe,18,10999,42705076,94b1f5961ee49c101d9632f305df3676242dfd7acc1cbc32b4d0b57847ba92d6,categories/babe/part-0018.csv
Toys,toys,1,18103,68568632,8b44a78689a406d6c11d7f9ad645efa0976ecedf3935eccebc20e75b601a5a14,categories/toys/part-0001.csv
Hardcore,hardcore,1,14359,55248488,ad61b3948d6e7065462c17208ade4f1db9ff3d7c15bb5662147802fcada455eb,categories/hardcore/part-0001.csv
Orgy,orgy,1,19263,74998273,e7a86b96e67ed628ef54a67b84ef213f5d3b1d96571dab5ff1aa24f7ae0b7c9c,categories/orgy/part-0001.csv
Orgy,orgy,2,12583,49471675,b9b165642fcfc77b99f1677c92f8fc16504d48dbac0cf5640905e98c67c27845,categories/orgy/part-0002.csv
Blowjob,blowjob,1,19419,74997746,4292f38c924fdf2ee9069fb02139056d059a96d7d0796108e9cb935559346cea,categories/blowjob/part-0001.csv
Blowjob,blowjob,2,19258,74999031,9cf1767310efb3a65d10880743534474aa4a9df5a94cbc785267583a0d93f673,categories/blowjob/part-0002.csv
Blowjob,blowjob,3,19178,74999064,1127f1aae5835e802192b060440976afbac0824376340d6387630ff5c8181692,categories/blowjob/part-0003.csv
Blowjob,blowjob,4,19348,74998259,803cd06b858872d344e9c3a50d775244acd1f45e66b9dd290b50da356ae618d1,categories/blowjob/part-0004.csv
Blowjob,blowjob,5,3254,12598655,76876149d700c3b4b2d44af4a239e9fd0853205dfcf8ac73df90ff83335d40b6,categories/blowjob/part-0005.csv
Asian,asian,1,19643,74996190,73f965b891cbb4b84d141c13bec58551bb48077b89e1d1eda6cca95a0cf7ff27,categories/asian/part-0001.csv
Asian,asian,2,19313,74996713,42a48f781ef5256944f89870923248b1773f0db2b2ef21c9f5639f52b9e90639,categories/asian/part-0002.csv
Asian,asian,3,19301,74999614,2d21a53f532963b06df8a702c38a4f6bcf239efecb6bf0c9eeed952185697e71,categories/asian/part-0003.csv
Asian,asian,4,19238,74998735,b259bcc7523e99ac8b763071ac8ac26c84a387bb782d799571ed623db606683b,categories/asian/part-0004.csv
Asian,asian,5,19221,74997096,ea8f734a208a8d3d11dfe3ddd25cf4707563124c100cba4aa3856247ab376976,categories/asian/part-0005.csv
Asian,asian,6,19205,74997646,805cd684b635e9107a79f2e442e99fd3cfa50d938a70e5b8fb16ba04f1413ded,categories/asian/part-0006.csv
Asian,asian,7,19216,74998625,c47dde718831c47fdf44354927fd77ae45e2ac6d97df2760c172a8e39884c3bc,categories/asian/part-0007.csv
Asian,asian,8,19147,74998463,7527578e7f516a53c21f6e1168ab5681b51630ecd404c1c75633097c48bc6a2a,categories/asian/part-0008.csv
Asian,asian,9,19143,74998238,779771efc980712dc463faac38d16baf8cc4d2544ea42e0ca84fcf12cd0c3479,categories/asian/part-0009.csv
Asian,asian,10,19131,74996973,9345686c917278fd3ce559ef9f636a647b2c013af4cef1d72f0d1e5b9171fcef,categories/asian/part-0010.csv
Asian,asian,11,19150,74996483,7cbf01020ba22babbfcb5c9e6665f8221552824a4f081e0af9179e6ca330d033,categories/asian/part-0011.csv
Asian,asian,12,19285,74999394,c8846108722e53ed2026ba7cb73a976a99c507ed43374b861d88f5cfa8a10e22,categories/asian/part-0012.csv
Asian,asian,13,19409,74998326,39fd1a314d00af33c54e251e97f2c43b051bc559a83773c3f1525e3f35d4bfb7,categories/asian/part-0013.csv
Asian,asian,14,19400,74996300,28960d9422a2626a196a982b42d00d87bf80a849b14dacb8381ef6f1c93d421b,categories/asian/part-0014.csv
Asian,asian,15,19426,74998397,661b56f235815385058d022eae7269cbad693283f231975730bfc65d448d2ed8,categories/asian/part-0015.csv
Asian,asian,16,19369,74998197,53078ecdb7e13dfc67b7545e580733774cdcdd46f257ffd1a53fa55f80e2b867,categories/asian/part-0016.csv
Asian,asian,17,11059,42691148,744e36a2e50a4132302862980a4db753905a100701bed1806242682373dbc809,categories/asian/part-0017.csv
Pornstar,pornstar,1,9864,37919318,6452617745fcf784ebf1ee9354e4630e9eaaf4db1a6141ca733f42111dac8341,categories/pornstar/part-0001.csv
Masturbation,masturbation,1,19671,74996856,f127cced4484ed31beef53cf55e1c2088b46fee3d760feaeb46f8e220367877a,categories/masturbation/part-0001.csv
Masturbation,masturbation,2,19630,74997333,f500bbdc3145e1f2683514054b8d9bba6de06d00d609ce0ec14d4ef53fa68ec2,categories/masturbation/part-0002.csv
Masturbation,masturbation,3,19701,74998578,ee159a0a9f33213dc051ec6e5f80b285d38f51269dedc4f6f322e0d86538cbe2,categories/masturbation/part-0003.csv
Masturbation,masturbation,4,2814,10661216,15f0645b03e55a69f5c48293ad4d216433f7ac10f9457515e99d8ba17c964b69,categories/masturbation/part-0004.csv
Lesbian,lesbian,1,10882,42291000,1cc51897691b8dafa5f35a5295fe89944cd9ff36d7204b7a53e42c40e4e84d3b,categories/lesbian/part-0001.csv
Ebony,ebony,1,14868,56735304,bd2c7c9a7b8d117e77017741c64bb073073074d3d57b15d83cabf3e659701103,categories/ebony/part-0001.csv
POV,pov,1,4928,18853346,a78a6db586492d6c3fb5b18bd7528699703f2727de7a49a8ab80b6ffd5894cfa,categories/pov/part-0001.csv
Fisting,fisting,1,3080,11894392,1e0e32f5b6907c5e9a0b50df917b52a017c5e2e163924e43135169901b107db2,categories/fisting/part-0001.csv
Threesome,threesome,1,669,2557251,9f8ecc6d4c352dd08fe97b67eb5a57ae83b5f3c3d413a220d902a65cdcd9bd25,categories/threesome/part-0001.csv
Amateur,amateur,1,19860,74996909,a90e18b77a171e3e6fd65937e8d69e0b249dba990a09cd02db5ba4c9c739bbef,categories/amateur/part-0001.csv
Amateur,amateur,2,19612,74996206,6e1d22aa196b022e114588c03eb85b8287e9b02675b6c3908e95bb7a0848b5c0,categories/amateur/part-0002.csv
Amateur,amateur,3,19456,74996331,0abb84718cd603cfae0445d508f9b5dcc7a869487e9786ed87e940586ffbf89f,categories/amateur/part-0003.csv
Amateur,amateur,4,19436,74998245,33986bb176f5e3af16a60ae8ff40ef8c54995df67f2e6bf9f87cb1f4ccc8e937,categories/amateur/part-0004.csv
Amateur,amateur,5,19421,74997936,bb76d744e6499be4bb5d062ea5320d37762e2bc3d9e28e9e08fd5e130b4c5471,categories/amateur/part-0005.csv
Amateur,amateur,6,19429,74998584,3868a39c09c4c9bc3d538a8a66374ebf743794638bb88b197751471f5cd8ca6f,categories/amateur/part-0006.csv
Amateur,amateur,7,19416,74997838,f060ff381c348eac7360520cb38672678eb7c1676684d833d035aa8554845a75,categories/amateur/part-0007.csv
Amateur,amateur,8,19380,74999366,3a0580945354f9f81e358546a949ff9b2128ac808b75e9ef723bc0e03616a1c4,categories/amateur/part-0008.csv
Amateur,amateur,9,19371,74996795,d3b1bfdd8b61092956b604547e8d9a25fdb4adb65407641cd11825258f59c0f4,categories/amateur/part-0009.csv
Amateur,amateur,10,19371,74999582,aa55509995280ec32fb44aee3e45ea1d0a76112504235405c5911861c01fc568,categories/amateur/part-0010.csv
Amateur,amateur,11,19334,74997155,7e97cc9647dc3bffee48a0121f4c37ef650bdae04629b3a47fbfeb165932b142,categories/amateur/part-0011.csv
Amateur,amateur,12,19322,74999406,939c66ccdc5f7c3932d4bf0e9c6d1e6ae0087462229679b820e7c7fda0cb2148,categories/amateur/part-0012.csv
Amateur,amateur,13,19290,74998903,9dcea299fd62357f0ad4a5d781cc1d3f6dd9fb0bed1f701d2c074a07e636dfcd,categories/amateur/part-0013.csv
Amateur,amateur,14,19265,74999690,dd8cbfd96c1c9c6fcf29da6cb3228dde7ace3400162665a07f75249ccf48cc14,categories/amateur/part-0014.csv
Amateur,amateur,15,19273,74999484,0386d8e6ddc208bc26c9fa943720a38f8d8eec86909152ca019a82b23f58e51a,categories/amateur/part-0015.csv
Amateur,amateur,16,19287,74998502,9786a09e6cd829576170b350c27cb51165761194140917c45a073e2ecd694f3d,categories/amateur/part-0016.csv
Amateur,amateur,17,19271,74998094,51d0c405e51e43b0c0cff69f0b205e3a65686aaad285be9890dcb7d1db2bedc6,categories/amateur/part-0017.csv
Amateur,amateur,18,19267,74998507,9ab47237d1b4d1ee0abef35e6ef02aec6b54e9266ed2771a769fc835b5486d56,categories/amateur/part-0018.csv
Amateur,amateur,19,19281,74998063,7d9b4d2ad332ab1e2264fa89fa0bd06eb265907de5bdad1741236f2a57a32af2,categories/amateur/part-0019.csv
Amateur,amateur,20,19324,74998823,70e3d12f9392b141a9ce9ba16dc49d61871da6de94fd78b4cff07aac13541cbf,categories/amateur/part-0020.csv
Amateur,amateur,21,19305,74998451,b1ee9bf7b19545df60a95ab901069323edb4291ef3d2e46be1a9bf3c584958b1,categories/amateur/part-0021.csv
Amateur,amateur,22,19294,74998382,5e4d41056d3bca25f4dd68d445e125acaa580f4422bcafdec1d68ff845910fc6,categories/amateur/part-0022.csv
Amateur,amateur,23,19315,74996418,3d21afc4cccbe75f4055c0ffa7368347a4564efac88e773bdabbb3dde0f99ede,categories/amateur/part-0023.csv
Amateur,amateur,24,19319,74996863,05e5f660e34bef1f0b989fed16e6108089e163e2177711d555162cad19430468,categories/amateur/part-0024.csv
Amateur,amateur,25,19292,74998227,51b773a75a96387b1e7a7b0c90777284a29def5a795cfb0e56068244ea183204,categories/amateur/part-0025.csv
Amateur,amateur,26,19287,74998643,5a2353858286071177f9dfa1916770f5c7d08432ae875086c6589ba0216b1279,categories/amateur/part-0026.csv
Amateur,amateur,27,19277,74997964,433fed8361a68ab46dc2c4d6b4d22f2c3b6628a03b6d04ef5bf41d90613bc375,categories/amateur/part-0027.csv
Amateur,amateur,28,19290,74999431,5f9b81fe8a2aae5e17d8baa56b22b2b2abad9e98227879d0b8c7c2d9569bcc67,categories/amateur/part-0028.csv
Amateur,amateur,29,19274,74996113,1ece540d399b3ce4194e44dc4da43e6ad74e2c5a9c5fb715ee980cefed9db189,categories/amateur/part-0029.csv
Amateur,amateur,30,19273,74999007,81a2aa6ec2779c0db1978040a28102b16e5046222c29420170885a44ec09b577,categories/amateur/part-0030.csv
Amateur,amateur,31,19258,74997334,94988a31115d3d1c7ae6f2f08907c26f0138cdbad60c7d6dc5aa10df845896fd,categories/amateur/part-0031.csv
Amateur,amateur,32,19258,74998943,1ef074e92b0c87e5735500a41598d011e90d3bf7123a7e8e606835913d8d1826,categories/amateur/part-0032.csv
Amateur,amateur,33,19286,74997381,0997c436868477f8698a3c61eebbf3d40c8b2609b7b71a965902a6a344da7b81,categories/amateur/part-0033.csv
Amateur,amateur,34,19267,74999738,5768fea5bf7b03fd8827d90bbc03adedb711abdacb283986daea2db3abfea799,categories/amateur/part-0034.csv
Amateur,amateur,35,19263,74996807,181660c5b7210755e231306382b59b5e3d3fd18838df0b58d448b2025f8d1058,categories/amateur/part-0035.csv
Amateur,amateur,36,19267,74999389,541d53f48c352170cbd3d1c1a27a1573fcbe0f337beae9db7348a26cafa14639,categories/amateur/part-0036.csv
Amateur,amateur,37,19259,74997331,f5fa91eedd47edee2bf2c82b5f5a86b229803e9077c01ae253b262dc75addea2,categories/amateur/part-0037.csv
Amateur,amateur,38,19260,74997700,0fc74d1a3e87889f6793bb6cd386bf593c72847a03f7b0b200fa0700d0ecba12,categories/amateur/part-0038.csv
Amateur,amateur,39,19249,74999880,4844a11bf38df1e46961c8799125470ff0f138fc081f36835dd3a2cef1a7a65a,categories/amateur/part-0039.csv
Amateur,amateur,40,19227,74998085,faef0b0d4d9678ae039663594ad40f5cf43d5a8ac5e0c1731e809136b83573e6,categories/amateur/part-0040.csv
Amateur,amateur,41,19254,74999905,4d2f624ad193a1cbcd69222d566881e68a633f2154595e0001e10e203766601d,categories/amateur/part-0041.csv
Amateur,amateur,42,19235,74996104,085987f300e9c1d91fc4dac423495c403424b480b2f37ad893e458b6c656d80a,categories/amateur/part-0042.csv
Amateur,amateur,43,19223,74997534,db735ab5235cbb3b5254928817596931970b48756c251ce6044789833a2f50ea,categories/amateur/part-0043.csv
Amateur,amateur,44,19227,74997534,cf3eb755c55e6424e9ae502dc749a7cb013a5087a02df1d49720e70d3332c2a9,categories/amateur/part-0044.csv
Amateur,amateur,45,19220,74996546,406a79ca1606a97052028c94e4506522b291798cfaa55070fdf1c180b2c3d259,categories/amateur/part-0045.csv
Amateur,amateur,46,19228,74999632,eda7883a3f269b1a1f20df67bfcc32435163cec22b5f2af4ad767514548eb6a1,categories/amateur/part-0046.csv
Amateur,amateur,47,19225,74996930,6d81374ff193b660eedc17dbbacb8b8f57e9f3b11ac3c913920720de85a136d0,categories/amateur/part-0047.csv
Amateur,amateur,48,19191,74999648,08ac20250e27def41c887450b582310ed206e9f120b83df744c28163a3f53adf,categories/amateur/part-0048.csv
Amateur,amateur,49,19195,74999369,c86a3cecaf6f56b91fbb34e01ce5dee67bfeb1cd40368b09b56e6a08b998f125,categories/amateur/part-0049.csv
Amateur,amateur,50,19160,74998688,c4080fdba9d142c43ca5daefb9d0ba89b7bdca9396c7120e9b7f4857de178195,categories/amateur/part-0050.csv
Amateur,amateur,51,19166,74996227,d4eec2a4e52baca5d3eee23c0dad0f7a8495200a65c529cd27764c6f417db83d,categories/amateur/part-0051.csv
Amateur,amateur,52,19152,74996234,558d09ae24b5d16b27bb0511a56b1e6d7108e576a5f647519aac85f4c950867b,categories/amateur/part-0052.csv
Amateur,amateur,53,19188,74998812,e4b46510888ffb7dc6752a8bed469f6b19acee246a62eb1a629f4df4320c0940,categories/amateur/part-0053.csv
Amateur,amateur,54,19212,74997158,5cd4016d185f873508dbb762b01c1daeda339e62a6bfd62aea340a72d3721554,categories/amateur/part-0054.csv
Amateur,amateur,55,19198,74997120,0b8c9bca9f8c769e1394e78f7c6e0023d117d5eda34c536c694a6582fdd2f608,categories/amateur/part-0055.csv
Amateur,amateur,56,19194,74998983,c0b0de87ce5806cd56e882a353c55651e92308543818b9cfc1eecc27bb6111b7,categories/amateur/part-0056.csv
Amateur,amateur,57,19163,74997316,dee903ab1941f761f05208549dc5959efb51fba3f211894b8bf2578017d826f5,categories/amateur/part-0057.csv
Amateur,amateur,58,19156,74996719,772b93c7e436ec5299a2d314312da6dae9a8b687a59add6369e29a07409dacbf,categories/amateur/part-0058.csv
Amateur,amateur,59,19153,74996477,d56d11c652ed0cf686d9525e4d27b3b914fc397e2c8914e07066d7490deac273,categories/amateur/part-0059.csv
Amateur,amateur,60,19169,74998505,bfd057c69f1989284725293fc30924bc2464ee94b2153438754cce546c2bcbb1,categories/amateur/part-0060.csv
Amateur,amateur,61,19174,74999570,2a25ec0d23b5e02e9cbaca6c4192deaef20f67d6f94be33e235c830e9c0184c0,categories/amateur/part-0061.csv
Amateur,amateur,62,19175,74997698,e5bfbf4a7c25a2a05633c0c7f4c3512c75e02a20bc447dc3a4a1d101329d153a,categories/amateur/part-0062.csv
Amateur,amateur,63,19199,74996797,cef6701a52737f2dd21629555762f7440824a2ba46abde0171f7492d9e257bfe,categories/amateur/part-0063.csv
Amateur,amateur,64,19183,74999801,fc9da3c5f8bb1bd01b406675c48f74b79ffa84801c47d9185eed1c912c5ac431,categories/amateur/part-0064.csv
Amateur,amateur,65,19188,74996128,b60de149f221d55031809652774edf48500c5b06208195e042ae482919e2cc25,categories/amateur/part-0065.csv
Amateur,amateur,66,19196,74998982,fde73d3e45b1d6facc480029d5d6c39c4d2b5ca0fe42df69df7b585b6cb0ee87,categories/amateur/part-0066.csv
Amateur,amateur,67,19171,74998391,8e82b3a43e57ead814f6c5200a5cf9d00cd5dd7add14ff2613fb9099a0a29ed0,categories/amateur/part-0067.csv
Amateur,amateur,68,19165,74998160,bd1e55caa088f2f7640a994a2d843acae6fab8ee15f83d2d243d3df8d689f411,categories/amateur/part-0068.csv
Amateur,amateur,69,19172,74998155,81ba255b4d4785a7826db84adaf8460e1aae5a669194d0336d2f7a4511500f7b,categories/amateur/part-0069.csv
Amateur,amateur,70,19169,74999366,bbc63379308cbb8a85d97a2b01a5723448078499fa1b160cd7e4ffeb231d3826,categories/amateur/part-0070.csv
Amateur,amateur,71,19172,74998247,d518cb50fac7a64b10206f66436e3c689cbcc79cc273fd3cff3cb408c965a441,categories/amateur/part-0071.csv
Amateur,amateur,72,19211,74997942,cae25f5f58cc7f7a79cf659255e6008036a5eaa5dec149e5b57d6bf9e967951e,categories/amateur/part-0072.csv
Amateur,amateur,73,19391,74998599,235e0e5663a8410d718167086722a2525cbd8c647163b1d77d29cb849a72e9af,categories/amateur/part-0073.csv
Amateur,amateur,74,19426,74996770,859bcae5a8f355d623e1f4688c75b39f2ee7546cefe687393514121e189a6c6e,categories/amateur/part-0074.csv
Amateur,amateur,75,19390,74999600,1458d8581dafdfa8ff4793c7b6d51b32c1a41d2bba0047f9cca5ccb7672d270a,categories/amateur/part-0075.csv
Amateur,amateur,76,19403,74999693,3a510d15d3a9ae65e4b32f4321d6a5062a3d14a973b1f0017368da2011ff432d,categories/amateur/part-0076.csv
Amateur,amateur,77,19402,74999169,ffbd77a445e0ad363273fcb207e495840d6dd2b743a896c97d30b659a6f581dd,categories/amateur/part-0077.csv
Amateur,amateur,78,19414,74999684,f346333beadb0bb3e85e82425c6fcccb20a606c61075521c5e4f8a38d2b5a520,categories/amateur/part-0078.csv
Amateur,amateur,79,19397,74998192,a019366658c6562ef4009b9ccf8fa3ed276cdda806a0578dc0b670753ab5f0f6,categories/amateur/part-0079.csv
Amateur,amateur,80,19383,74997360,dd615e95a2248ae93f8b347ea589a9af42b69e33abced45fe64811f0c4c0727c,categories/amateur/part-0080.csv
Amateur,amateur,81,19383,74998148,3f8645430d6b3860c851af0a10d1a41871b4476873ed3486170f724599b03e9b,categories/amateur/part-0081.csv
Amateur,amateur,82,19370,74996613,e7bf22d11750ed1f96190a7bc86012d86b0a539b0df6b7080af122b7be8e9450,categories/amateur/part-0082.csv
Amateur,amateur,83,19355,74998202,3dcf295e5d9c38bc0e1491763da29866f5c1f4d495807665e42319cc4965942b,categories/amateur/part-0083.csv
Amateur,amateur,84,19353,74999849,e24973c4dd9d1ef147b270a3c39345cc22adfc5a1ed38c3c9e1d35c1a4075f33,categories/amateur/part-0084.csv
Amateur,amateur,85,19360,74999930,9055785d726fb1f5b20a5035d8300e28a9bb8ef71828e6719a7c9f990d52a238,categories/amateur/part-0085.csv
Amateur,amateur,86,19378,74999696,b0722cca3a5e045709a2545828b9299f0594fb5e8cd33a0f2097fc5b6df17f75,categories/amateur/part-0086.csv
Amateur,amateur,87,19365,74999934,76bd6b7cd1d5b9871c8f9a65327afedb6ccbf2a18deea6fab48322b625c24744,categories/amateur/part-0087.csv
Amateur,amateur,88,19361,74998970,f5162ac971963adc8945c6c8a6ddef839d6c25895af87e1b54ef3b209a0ae0b4,categories/amateur/part-0088.csv
Amateur,amateur,89,19350,74998729,294ca31ab4e4f9b27649160a38b314776cfe4c258b2fb111ed77a21c78270c4c,categories/amateur/part-0089.csv
Amateur,amateur,90,19340,74996345,169ce686c8d9d30b6844eacdab747085946b2947e4fbb3b3c01feb6e2c839d5a,categories/amateur/part-0090.csv
Amateur,amateur,91,19382,74996758,3fcdc79caf4f703db0328b3ad8cb0878c4f38501d553ab336ca9426db55454c3,categories/amateur/part-0091.csv
Amateur,amateur,92,19389,74998484,06d49281eaede20072c18e939a19ee6d6a14de81c5bc0fe249ccfc27f2ff9452,categories/amateur/part-0092.csv
Amateur,amateur,93,19369,74996572,86ec3ad30363b7bfb4a835ef1ce0ff649525bb64b7c09a197226b79cdef7d1c0,categories/amateur/part-0093.csv
Amateur,amateur,94,19361,74998359,63a08765f75edc74228d443151bd8e671c21de4ae1ec18c0f814dc6fa2fddd74,categories/amateur/part-0094.csv
Amateur,amateur,95,19356,74998595,a9370cd645546f4b8aed7e65136239131cd2e5ad749ef47d4a73909a5450be2f,categories/amateur/part-0095.csv
Amateur,amateur,96,19386,74999962,da02b0f47200e90a48b24046164474d034ba5bd8392a374aa04f5f5d7350d793,categories/amateur/part-0096.csv
Amateur,amateur,97,19414,74996294,427efa52131ecd9c72b9d25f851f9b294384bccb1273053d9e483d023dd8070f,categories/amateur/part-0097.csv
Amateur,amateur,98,19451,74996728,463eb92bbf2ea3d5638502211749bf64bf717ffbfbc1dc1c08a1316e79058d74,categories/amateur/part-0098.csv
Amateur,amateur,99,19421,74997067,ab167bb1dfde7e798832d5a206387fb1217ce2d4570b237b272973053f574862,categories/amateur/part-0099.csv
Amateur,amateur,100,3515,13589105,7e826f264672298cc3c52068c5edacd96dfdccd5d9ba52c87ab215d3dfe59ec0,categories/amateur/part-0100.csv
MILF,milf,1,7478,28526136,59492f628d6e6e32f69c8534da32498086419a5e730717ebe6bf8be7bc2b1006,categories/milf/part-0001.csv
Rough Sex,rough-sex,1,536,2033664,e1d85fde76989785c7e02ddb35af460794529d399817d8daca6b85995e66c71f,categories/rough-sex/part-0001.csv
Cumshot,cumshot,1,19537,74999503,d97c8fd9003beaaf2afa58cfd4a628e75f5e94e64837164070d05fe328244135,categories/cumshot/part-0001.csv
Cumshot,cumshot,2,19483,74998422,cc9554c3c231f000aa2d45091b54820271dba292ba1f2834c2cfa1bff05ed17d,categories/cumshot/part-0002.csv
Cumshot,cumshot,3,6514,24997437,2d4c99436a0e35b3a185c05399ccdbde6f5ae81b7fb456eded005fc2e31f5ca7,categories/cumshot/part-0003.csv
Mature,mature,1,3065,11666970,b3cc5e03e7b7881429b7a531ad3ac31bf2dddda28ef2b4ae8dacf9fc6c3af60f,categories/mature/part-0001.csv
Creampie,creampie,1,19374,74998831,5d975429583fbd7aa299c9ced77854129b21884780887d0cbc048674ecdaaaaa,categories/creampie/part-0001.csv
Creampie,creampie,2,8989,34991562,21a6439ce131564b297e4d89f219752fe57395e7dd8ebee063661e0a8baf588a,categories/creampie/part-0002.csv
Big Ass,big-ass,1,19576,74998882,2ea8f99483e6ee3ec995b4e25eedca82cd2bd792b977de1d3f1430909fd84085,categories/big-ass/part-0001.csv
Big Ass,big-ass,2,19250,74996818,53b64d7ad04fc3dc95485a26f7ad0b80decf7b1a7bbccafd738bae894eb47056,categories/big-ass/part-0002.csv
Big Ass,big-ass,3,19252,74997857,5422b04f9ce4239353297d3f831f690d2f08327297e36de27c30b03b3a5a261e,categories/big-ass/part-0003.csv
Big Ass,big-ass,4,19223,74996842,e3f016ca5f3d6db4f4c3bf5814814e115be7f243117bcbe3261e43204bb725a9,categories/big-ass/part-0004.csv
Big Ass,big-ass,5,19219,74997836,1df77966316673bbba3e6920f7df27ab6d565b70790560693435f9de02071962,categories/big-ass/part-0005.csv
Big Ass,big-ass,6,19171,74998652,9e6738f1e12f6f78c2c8013591b79f24c1b331295fe894bf922a6e6693f76f1e,categories/big-ass/part-0006.csv
Big Ass,big-ass,7,19202,74998605,30c52543f78291f5074f781810345459eb29aa8ced434d9f86a82fc6dba3a175,categories/big-ass/part-0007.csv
Big Ass,big-ass,8,19204,74998357,409ccadc0663f78a733eefbc52f9379f18813015b067ea74126f4524c3695c4d,categories/big-ass/part-0008.csv
Big Ass,big-ass,9,19191,74998554,49381900c8d23b8ea77f7683935b806a4ca2d3115a4695efbd18346c4bcabb81,categories/big-ass/part-0009.csv
Big Ass,big-ass,10,19145,74999461,fe2887091b2436a524bfa226ed68c3daaa0bc32bef40fc13cb794378a4f4f70a,categories/big-ass/part-0010.csv
Big Ass,big-ass,11,19128,74996293,d9ea5535692f61397ffff95b9fa6a1e95923c55b0ff0ad2398ff108faa87a675,categories/big-ass/part-0011.csv
Big Ass,big-ass,12,19107,74997640,fdbfbd432b673935a4267565c6f779e184dba618d02a79e714bbdf1ee65eb171,categories/big-ass/part-0012.csv
Big Ass,big-ass,13,19137,74996266,5faba21135f2d814e559112acf01bc70b620a519529636754214d7d214d13cb5,categories/big-ass/part-0013.csv
Big Ass,big-ass,14,19131,74999769,707334d439cacc3d64aadab08d13a6bfbf7fcff81a8b38730cb940edf323b00d,categories/big-ass/part-0014.csv
Big Ass,big-ass,15,19140,74996659,4118b4d020985cb69e06b88629d8490d1fa947e9a4b71255fd30c89346a73428,categories/big-ass/part-0015.csv
Big Ass,big-ass,16,19121,74997983,c7dd8f1032b9377f858c0cab234a3a2dca5b212e90cf0363df438d94f67cc424,categories/big-ass/part-0016.csv
Big Ass,big-ass,17,19163,74999117,5e05e6c4ef1df6e0858ebe498ab2c7263c9d193bd0fcecf000a00aae28472d03,categories/big-ass/part-0017.csv
Big Ass,big-ass,18,19157,74997649,88b6e59bba9ad6edb9fc864a21576c832526b2bcc6ea6ef04c92ea8295b40136,categories/big-ass/part-0018.csv
Big Ass,big-ass,19,19127,74997465,ebc440cd07d69d6191739829075231528b7937ea6d2f8718edd22d81b81e2bc0,categories/big-ass/part-0019.csv
Big Ass,big-ass,20,19157,74997446,e48fb68fe2ecfe54d7539b1a2134f0bafb26639f6dd5c3f5d68032b9125f7e57,categories/big-ass/part-0020.csv
Big Ass,big-ass,21,19127,74996943,aa450bbf2b2c0b96b49b73891f25e7336b59971d3b7055ba00b2640ae5475191,categories/big-ass/part-0021.csv
Big Ass,big-ass,22,19107,74997441,fd79f50bd1c21ffc2205facf9ccf8865f5b00342ceb3f1ca977fc3f46fc3b04a,categories/big-ass/part-0022.csv
Big Ass,big-ass,23,19112,74999571,75f3bad4e5cfe61767959f56464efa1c258fe99774768195926b376724d3add7,categories/big-ass/part-0023.csv
Big Ass,big-ass,24,19216,74997865,b9f592baa008f669971411f609c9c32c26ae3482212deabd8ac3a4f5016d0586,categories/big-ass/part-0024.csv
Big Ass,big-ass,25,19304,74999563,1cd888633890822456ac7ca9efd6c0a65ec32ed9acafc4170dbc351a813c2192,categories/big-ass/part-0025.csv
Big Ass,big-ass,26,19264,74998414,bc0ce598178401c2bd4b2d1ad246c8aaae10c3b507eec355ef3bf5b621cc591a,categories/big-ass/part-0026.csv
Big Ass,big-ass,27,19307,74996714,59554e79fd0f355551e87c47b993bb22d1432259d1bf27374a42b368f568f1a1,categories/big-ass/part-0027.csv
Big Ass,big-ass,28,19302,74998013,fc07e204d45a7c084249ecb514c0287f8268bbac22b0c5710fb540bc82649125,categories/big-ass/part-0028.csv
Big Ass,big-ass,29,19314,74999785,6707e93841aa77ccc6a57ce4330bb0fb3b37c115136e04ee237e8de9b09ebf20,categories/big-ass/part-0029.csv
Big Ass,big-ass,30,15969,61787633,1ad1ba1cacdcd35954724db154fb5bba112313f72cdf99e9ff1750ef48137bce,categories/big-ass/part-0030.csv
BBW,bbw,1,19608,74999576,a650379e9ca13ea8c12aa57124713a8de8a9a594885414f3a44f1b88cf64602c,categories/bbw/part-0001.csv
BBW,bbw,2,19419,74999989,899a3079c348e682947a15b6766420ed70890734c052084c0419d33815e28c78,categories/bbw/part-0002.csv
BBW,bbw,3,6234,23921069,0cbb30bb271463efe7e29436ec352a650fb34cfae45fd9bed03a34ae964844d0,categories/bbw/part-0003.csv
Latina,latina,1,6705,25526927,c6ec10322e0f846bc257e0d2e0a2fefd7c14081a8906149c568947aa3b92973b,categories/latina/part-0001.csv
Interracial,interracial,1,2791,10687935,f8215ae97a127abe97b9f374ade0287c541ba74a215b7e9f9e4ca855be50360c,categories/interracial/part-0001.csv
Big Dick,big-dick,1,19600,74996285,a007d8ee7e3c379f1d78eae31f845e4be17f0f3cc9301b37f9692c27bda21e25,categories/big-dick/part-0001.csv
Big Dick,big-dick,2,19335,74998519,6d54b3500acf7291afcbc12d517542528454e86152958c2fc2025b2d5a587e65,categories/big-dick/part-0002.csv
Big Dick,big-dick,3,19302,74998101,e2bb96a8d01d8c451e0eed8ab7eb1e70c52c72aa0dfebdd04e678c9922138252,categories/big-dick/part-0003.csv
Big Dick,big-dick,4,19297,74999907,b28f5a107d1f7b3ec0a7ce1f52f67a52b5d379e69ecc812e3e565cc24efe4e43,categories/big-dick/part-0004.csv
Big Dick,big-dick,5,19304,74997771,4589aaa17c76ec45a7806cfbc829c4fa870b8fc6e0fc20f5d18b36a930c54e7b,categories/big-dick/part-0005.csv
Big Dick,big-dick,6,19302,74998634,9e5bc0039839e1f5ccb7b64065490b093a5440bf596b52195b995b5e55171fd8,categories/big-dick/part-0006.csv
Big Dick,big-dick,7,19326,74997625,fd22cf6104fa20fe64de6c451d4bdd70c4f4aae570bf0745462b45d591b75ee6,categories/big-dick/part-0007.csv
Big Dick,big-dick,8,19315,74999862,7916f41ed1f2b12549840fb5a5ba2dbbedcd4f079daab57977cb62a958e2050c,categories/big-dick/part-0008.csv
Big Dick,big-dick,9,19239,74999059,2b85790084653961567ccdc0bd710479cbc0ed429579ad4ef666a7bac004d707,categories/big-dick/part-0009.csv
Big Dick,big-dick,10,19237,74999471,6c93e8eb361686f3a11d908be8049bcbd0a8c934ff1947c5725d8d8c594ecb00,categories/big-dick/part-0010.csv
Big Dick,big-dick,11,19318,74998364,4174ec49fb0df190dd43f60f1e4a11ebbd722959e5a378305d32a13170a0d83b,categories/big-dick/part-0011.csv
Big Dick,big-dick,12,19364,74996677,d268e82b1c2d7d9244a78daba0b535ce235b438c90a59b21238c3919df6d71a4,categories/big-dick/part-0012.csv
Big Dick,big-dick,13,19350,74996474,a3058c131b017b396af3ff29ce8a0ed95b5f1feffe50f4eafb61380186428bee,categories/big-dick/part-0013.csv
Big Dick,big-dick,14,3505,13543025,69e233fbf4e4092ba57eeb0f939239be40b339df1b1f15957c32c59d233a2383,categories/big-dick/part-0014.csv
Fetish,fetish,1,19553,74996003,d93ccc9928d6df13b55e5310ea5dd426f064be7efaf0290deae609bf1bbaa20b,categories/fetish/part-0001.csv
Fetish,fetish,2,19484,74998400,f37cdafaa25275ed8222a3613e75468fa1ffdd4f1fc13dd5fdef74196700029b,categories/fetish/part-0002.csv
Fetish,fetish,3,19508,74998401,bdee6cd1f403ac161d61c68c9c74a30f3a7e3331f56af7479c9a9e6879b1753d,categories/fetish/part-0003.csv
Fetish,fetish,4,19457,74997123,4ba89a7447dd27f20b209fc0975a30316253ae0035ff2136ba2b72b9e9582821,categories/fetish/part-0004.csv
Fetish,fetish,5,19618,74996546,33e62c739e229e8087f295472fe8d6ff292c2e835509544e320849b6a2f4799e,categories/fetish/part-0005.csv
Fetish,fetish,6,1053,4004509,009656f1c36803c91d45c798940852933442da52273cadab663dc26e6877def1,categories/fetish/part-0006.csv
18-25,18-25,1,14407,54920530,de65776b43976996b66926761b587e4984aecea21d2773373c6bcc41307a0287,categories/18-25/part-0001.csv
Public,public,1,6534,25008633,5e148acd2e577956c75d38b8190f366251c301fd247875f180775c20de875350,categories/public/part-0001.csv
Anal,anal,1,9014,34153213,54e1de21fc6ba0a9315079010f4de271a899cef5d2cc9bc70a3e2e8a6aceddb6,categories/anal/part-0001.csv
Squirt,squirt,1,984,3709161,79e5d4e1118915e8e9eb7812f815b4322ed804b20d1581a271b09777cd3b79a0,categories/squirt/part-0001.csv
Party,party,1,674,2550022,d08e6c764549afad8c15bbb184b972bce6e124a262370f76bf7a60fcf9dce7d7,categories/party/part-0001.csv
Bondage,bondage,1,17648,68319591,499f6ba38c07ce2b008b40ab149db59a4b1a1ac9394bdb3e372a5a49674a1f44,categories/bondage/part-0001.csv
Striptease,striptease,1,124,467652,73376f5146d6c5196ced2bd8322f3f579cf860504b82cfc89609e39ccbc7c1ef,categories/striptease/part-0001.csv
Reality,reality,1,3470,13304151,1d63903ae8b6dfec0bd11b63540e9f850ea22141068ed25c5bdcc1de769cc055,categories/reality/part-0001.csv
Transgender,transgender,1,11346,42982438,f9839a558ab300df03637c918fc73bdc1e2745bcb4ffbfb238288ab9c3413486,categories/transgender/part-0001.csv
Solo Male,solo-male,1,19863,74996749,c68ccc36dbd9d550831df1b0a46502c56462268d8b745cc4afdd826e739adba8,categories/solo-male/part-0001.csv
Solo Male,solo-male,2,19789,74996352,ff2458d0dcfe8cd8061187ebc0f7a1f3a8f913fb73061d0138c56d81f56936b8,categories/solo-male/part-0002.csv
Solo Male,solo-male,3,19740,74996440,9bd9305d5e8e124ff17ba8ffa6fa51cefb07501cba25416c1da64b72ffa7b689,categories/solo-male/part-0003.csv
Solo Male,solo-male,4,19745,74997526,e1c3ad9bf283416441c30d8f07b6070756c02bab5b810c22fd1868410fc603f7,categories/solo-male/part-0004.csv
Solo Male,solo-male,5,19751,74996131,b5873869674616efcbcc321e389325af5a703018b5304178e59cb785a23f6c3e,categories/solo-male/part-0005.csv
Solo Male,solo-male,6,19789,74998792,fcddb78f41bf219fcb76651d17b3d15dc8a98adca089b56c91f3b641ce507a2a,categories/solo-male/part-0006.csv
Solo Male,solo-male,7,16871,63589557,c07e993da6c148e5c434df487f1ba267c8691d5f4d1750f0be8d838387779d92,categories/solo-male/part-0007.csv
Webcam,webcam,1,1482,5567190,61e49d67b67eb3ea787be5bf477a1bfd6a2817bad673bb695da6a209b59158b4,categories/webcam/part-0001.csv
Gay,gay,1,6234,23528551,c72bbdafede43d4c3f1bbbc7095359bfaeeaae8f6358b13489110373e46462e8,categories/gay/part-0001.csv
Latino,latino,1,18756,71825851,3c2e95f8732dbc098a360445b147cbaff9b90bee5cefe55df4fb5d6a0e472b89,categories/latino/part-0001.csv
Twink (18+),twink-18,1,19524,74997536,fb6b71d1af42f96d8edfb929e845712f0f769624125cf71e0ae72a0674b9e93f,categories/twink-18/part-0001.csv
Twink (18+),twink-18,2,19470,74997021,0c4e494247abb11b1060550371ac00ac03966261cca06ae1fbf829fbf8a3860a,categories/twink-18/part-0002.csv
Twink (18+),twink-18,3,16125,62411603,acff3a4fa1e78faa4e9a9a212cd4492fbcadafe859692e0eebd846e5a09a7cb9,categories/twink-18/part-0003.csv
Black,black,1,19657,74998798,7008b3f72d197237326646aff94e5ce8ca4c5a9375b6f1b8328d43dd8189e94a,categories/black/part-0001.csv
Black,black,2,7118,27343409,c6c00015dae9453a136b4230ecc4e5e1c054e41fb9bb243fe4a88c2a1a30ae16,categories/black/part-0002.csv
Muscle,muscle,1,16378,63121674,e020cf80cbd11a3b9c76c9076d8b8437a2be66cec80699e15ce497df301525f5,categories/muscle/part-0001.csv
Euro,euro,1,19464,74997685,a0a635bd966c9162287f3065801b023c40429cf525a2ab3abd8464aeec9252fc,categories/euro/part-0001.csv
Euro,euro,2,15771,60969787,2aa9f7b19fdbd855e4108fe6d77032675a6519f5124195824c14e3af5f6c0e16,categories/euro/part-0002.csv
Bareback,bareback,1,19441,74999561,0c3b0f66351a402eb91202f80ab6a8fa85a62adbb2c54a05aeed81161cf9e2d2,categories/bareback/part-0001.csv
Bareback,bareback,2,19344,74999659,5d3e51c4e6b51bd409736fd541a7cc8fc0c58ee29836ba7c4746117aac092e67,categories/bareback/part-0002.csv
Bareback,bareback,3,19261,74998673,45745eea5f0267d723a55ee89e377fff007127bce06856476e56ef4a279b655a,categories/bareback/part-0003.csv
Bareback,bareback,4,16973,65626586,28e747b49b86a10ee7323fb252631e68ecea37827d7135083a33785e89647253,categories/bareback/part-0004.csv
Daddy,daddy,1,19487,74997433,15c58d375226d0120e2b07a0f8c53e62575ab702527b3170a57d2f11807416e3,categories/daddy/part-0001.csv
Daddy,daddy,2,12803,49469614,d45dc0198ecaf4929bdca8ad3a8430dabfae1d509f9f602640d6847f7b12cf59,categories/daddy/part-0002.csv
Massage,massage,1,7740,29806223,d197d6c4d1b903bb1ee15a25e6005ceeb4323e951328bcb8c2d1f5cb3d22319b,categories/massage/part-0001.csv
Small Tits,small-tits,1,1752,6679569,09ddc5e5a90353a90e09d0be16f73b3c01df0ea95e4ac6aaca936aab6279c541,categories/small-tits/part-0001.csv
Group,group,1,344,1303101,754f9274cf841b5cbb369c75296a5a9e54e7e79db0cd6f9b235f22ba0538ddae,categories/group/part-0001.csv
Japanese,japanese,1,13981,54233642,9150ebc2664ec709770e7de7a65e8565a7cfe41e8d35e6bec6679f84d4378daa,categories/japanese/part-0001.csv
Handjob,handjob,1,14322,54426099,7774d6301815a5b88ec19c2376edc39ece11fc635653cbc743c70d88fb7b5cd7,categories/handjob/part-0001.csv
Vintage,vintage,1,316,1196054,d7303493d5d5cee6c86951a7f9510bc3929ebbc7eb363e37c23c9eb86549f0c7,categories/vintage/part-0001.csv
Bisexual Male,bisexual-male,1,614,2319160,0a97b4c81f150f11950b0e7f9bae2dab28425f32b7dfa2cb0a2590915c09f733,categories/bisexual-male/part-0001.csv
Celebrity,celebrity,1,5922,22727753,acf484184013f360fbf096f226dfdfaf41134a179a3b6e26b2feb51b610c76ad,categories/celebrity/part-0001.csv
Red Head,red-head,1,921,3512774,da26236cca9466bafe5943d80dde0e26499ea4acbfc86d1c42f59ef9c73db245,categories/red-head/part-0001.csv
Bukkake,bukkake,1,2536,9818145,10cba199c8de49e32d32ced07a09400cc77b5f4b695d93e2c5f7d92dc7e6e2e0,categories/bukkake/part-0001.csv
Uncategorized,uncategorized,1,82,306873,56cdfae6f1e19c524d4049723eade18943c1ee5a39610aa62e91c7dbce5f13e7,categories/uncategorized/part-0001.csv
Double Penetration,double-penetration,1,96,363456,c03286c71c3154f82129557f1fdd94d48aca88ffb7e6e36c6534c25bd38883e5,categories/double-penetration/part-0001.csv
Russian,russian,1,159,600999,d129d401b63d59a97135a4efc72e5a1fad8345e1d2392e18015fb5cdf0fcf33c,categories/russian/part-0001.csv
Pissing,pissing,1,20,75168,fee9408ce266f225c9efd22b32d0676fcb32181a161fa9a0f5bf1df85917d253,categories/pissing/part-0001.csv
Casting,casting,1,264,988863,aca4d61a00894e03756c7d749a7cd06f903b0b572493ecc04a4e37d3b3f69583,categories/casting/part-0001.csv
Gangbang,gangbang,1,168,641155,873fcc522f7b852b54d8611bd47155838119595122c5af5c50f0562c4b943be8,categories/gangbang/part-0001.csv
Compilation,compilation,1,1318,5015728,e1644a0efaaa1e5c5f032de058693e31792cf0f74f72ba0d883547de0d7adad6,categories/compilation/part-0001.csv
Funny,funny,1,76,286912,4c1f7e3a77d0d51e3fc81ee3169542de7b1bab61bef911ac1becd8dfa4fc1394,categories/funny/part-0001.csv
Hentai,hentai,1,8446,32205129,e4cff4b6dfbcd0af61d483a30afef6f8d8fe606ab883869631b20b0c1a8edb5a,categories/hentai/part-0001.csv
SFW,sfw,1,2263,8403689,aec028b8b4d1fca25578e8f8ff7e5c982e3754d294e3c178b60af5a049d8245d,categories/sfw/part-0001.csv
Popular With Women,popular-with-women,1,15,57402,8307d9dc9379e27cbc160ceeb52e539455396d3cd2498b1936cfa40814651dcf,categories/popular-with-women/part-0001.csv
Exclusive,exclusive,1,19830,74998078,9f185cb5b03af6ed34ee0f1abbf0e3589f8351957a59810a8a08015388e36225,categories/exclusive/part-0001.csv
Exclusive,exclusive,2,1170,4361517,e33a0037ce4173276b561b5bfd0126e80cba1c48007b07c14f8030c053f09070,categories/exclusive/part-0002.csv
Feet,feet,1,4916,18743782,f861fca34b09c057541e2487f151a6f5a0ac11d046aa59af00ce8280cf85d3e8,categories/feet/part-0001.csv
Cartoon,cartoon,1,11480,43418862,875028494ac49d348ba3d4dcba2bc910db88befa86feb74bffb1dba7ab279d83,categories/cartoon/part-0001.csv
Italian,italian,1,246,924679,7ec22cec2897870c83c9e9ff441d73bcf28e4f834901e8272485113976de6986,categories/italian/part-0001.csv
Behind The Scenes,behind-the-scenes,1,46,174669,89e619df7bda00425a039bfaa23e32941574fb6301aece57230d804b93e276ef,categories/behind-the-scenes/part-0001.csv
Solo Female,solo-female,1,554,2087999,8631bdbc189d894c41668dc4068d026f80c31b5c6088e3db00c02a46f6ed8554,categories/solo-female/part-0001.csv
German,german,1,119,454242,1c9cbb3d1d8a83d2049a057e16f629b4c0411fe81ff53cf8f910953232fab43b,categories/german/part-0001.csv
Role Play,role-play,1,1628,6241012,b8f5746a8dcf724129170a240ebd8d77bbb98882d590d5e327035918d243e686,categories/role-play/part-0001.csv
Smoking,smoking,1,692,2623326,93c497c00d58d3a5ce5ffb4f308a8c50da68e5dd016e0656b1e34d2d8619d723,categories/smoking/part-0001.csv
Music,music,1,94,352270,9c6d8e54282685bac72d400bc17b025ffbce7e260bceb4c3d324b427a05c3ad3,categories/music/part-0001.csv
Czech,czech,1,98,368783,32c807a44bce2b75b161e0408b3c56a3f7f20439d5195c344053cdea1b6b2b89,categories/czech/part-0001.csv
Verified Amateurs,verified-amateurs,1,11351,43112387,1da4eb966ce139b9efd82d749a26f29cc8d74d6e3d1e322f0aadab1794c4c105,categories/verified-amateurs/part-0001.csv
Described Video,described-video,1,1,4014,c8a14203cf9258923c1bf517775539ba7ff848638642e51c39138ec7590caa48,categories/described-video/part-0001.csv
College (18+),college-18,1,1972,7534255,48a8fa2ee684ab96247a9b9c4fb2fd859312fddb29a101ed284376efec627934,categories/college-18/part-0001.csv
Cuckold,cuckold,1,11,41870,b69bc224e8964574b138bebe9f0cdbaad36ae29f528ba15d4bb2d1f0ed73b5fa,categories/cuckold/part-0001.csv
Virtual Reality,virtual-reality,1,150,567863,79d64f77b3db09bbb47939e09f2703ef8cf9243e66151dd850f2bb8593d3f89f,categories/virtual-reality/part-0001.csv
British,british,1,155,588712,667c083765b2758edf5d7d83e379ab5d61ebfc2678945c00127de74433547fdf,categories/british/part-0001.csv
Cosplay,cosplay,1,7,26256,b6267c91dd98472b07dd1f39847222de8216d15733016eb34975697a58b6bc80,categories/cosplay/part-0001.csv
Brazilian,brazilian,1,99,374277,ce40e461c54eb733e6379199ba949782e8bc65c553b3a174c1c22d79b8192467,categories/brazilian/part-0001.csv
French,french,1,86,327347,5a946d6da72bcf426b0bddb149d6b0298f1693910b2f070ec1a5cf580c579953,categories/french/part-0001.csv
Pussy Licking,pussy-licking,1,97,370652,f24d005c50b02849e01e81d133b10adf5231587a644e9a473f7d5d71127d2932,categories/pussy-licking/part-0001.csv
180°,180,1,4,15478,5b126b1eaf979e342ccbc6963b6176b2aa9948002acb5f803bed76c054120673,categories/180/part-0001.csv
Indian,indian,1,33,125095,ce738a6e353de471798e73cc960210b63a32cd402b63e2f2cb2955f5bac83b95,categories/indian/part-0001.csv
Babysitter (18+),babysitter-18,1,248,931687,53e3b7e45bbe15683061d5445e5efd7807f93a89e77eb268e8c7ce6d34da74f6,categories/babysitter-18/part-0001.csv
60FPS,60fps,1,905,3453753,f0c51b8fe41cf27dc980894c7ab6f638d5128a4af02805ca6912ea126d64cdbe,categories/60fps/part-0001.csv
Verified Models,verified-models,1,267,1014845,8b88b11012a4a9bb60ef131b9014c44b9957bd0083e21fed8f7a108f4895010d,categories/verified-models/part-0001.csv
Verified Couples,verified-couples,1,5,18790,6f65d5d7b0fc8cfc634cb630fe7a1669601bc96dec0466080a8290eec7187d93,categories/verified-couples/part-0001.csv
Korean,korean,1,66,249992,d85168ab43b28d592f3949946e04c2a5ba9458b0f9a953311bfbc4cc064ab55c,categories/korean/part-0001.csv
Step Fantasy,step-fantasy,1,26,99211,d1a9eecd5ed9a55c83085ef3eea52bab7a03b345dd4e9993f23ad03b211822b7,categories/step-fantasy/part-0001.csv
Arab,arab,1,56,211742,fc5fdb823366fa59d0b38372d720bc7de190d5bea74f4df22e3b8c23a902bb28,categories/arab/part-0001.csv
Female Orgasm,female-orgasm,1,10,37243,0c6c17d5ca1aca228723aaf3de72fa0d062fd68b595d2af304cbf3713cd0bfe6,categories/female-orgasm/part-0001.csv
Parody,parody,1,10,37248,f8f7e2210ec4fd4f8f7e3ac09b1f7b3299c9537e6f8369a2979c61a5d9da3722,categories/parody/part-0001.csv
School (18+),school-18,1,361,1367311,79a84f5928bab6793641a8282decb1736f1fdca634a68b8345c1819908cb3e1b,categories/school-18/part-0001.csv
Vertical Video,vertical-video,1,10,37473,296d277352b69e5f83a88254c295fbd2e0a7d38a19f7c782363010c43d79e3c6,categories/vertical-video/part-0001.csv
Romantic,romantic,1,2,7542,b586aaf4aa6a481686c766f5b5536caae23c40757f62be29ffcb877a363edd1c,categories/romantic/part-0001.csv
Bear,bear,1,8,30335,316104845c2bc6a005b700e306ad24ac4cad44c256f0203f7957a47b63308fb3,categories/bear/part-0001.csv
Old/Young (18+),old-young-18,1,8,30691,5e43e715eb7cec97f3561c5866efbfae7887221d0baf9e1c6bab049d6fcd3b46,categories/old-young-18/part-0001.csv
360°,360,1,2,7563,2f841c4ef41c7af0e23adecf02762b8a3a0cc94f36f031a13f6a9dc055e5260d,categories/360/part-0001.csv
Scissoring,scissoring,1,1,3826,98f6b9be020e058867db90b5bf193a482fe738b347947c333d0195111469a62b,categories/scissoring/part-0001.csv
Gaming,gaming,1,12,44858,782b91b3c21fc0d42a81050585a6107a082f405ef62556d2a65533439c8b3772,categories/gaming/part-0001.csv
HD Porn,hd-porn,1,1,3942,ef5b93b0329832effe6506c7605952ae21082e4a037a142e3867c893e6f5d3f6,categories/hd-porn/part-0001.csv
Tattooed Women,tattooed-women,1,1,3969,1d252d7c92e918823682588583e9136ad2d67a0f2d4a1e2402e21ea7eba27965,categories/tattooed-women/part-0001.csv
Podcast,podcast,1,1,3927,be1cd2617ef6a6ca83e0e37ea2c71820e659c327a08d5eeb0487c568ab2e5364,categories/podcast/part-0001.csv
News & Commentary,news-commentary,1,1,3860,4baf8836ab62e7ea58b09c9823cd0fef5293824e6919e24ba0c23a24cd118c5f,categories/news-commentary/part-0001.csv
Uncensored,uncensored,1,1,3931,1020106a5be4c860bd9e8b223c30f6c2332029a16327d888ecfcc8ec44df4a2b,categories/uncensored/part-0001.csv
Culture & Society,culture-society,1,1,3854,c6f19cc45e4619f761fb6aecc01a45561a966f05b368de27e9d376c057cdb1fc,categories/culture-society/part-0001.csv
Hunks,hunks,1,1,3935,688f9f5ed70131e94f4545b266d9c5d723a751bd21f4fce01f67bf18645335cd,categories/hunks/part-0001.csv
Trans Male,trans-male,1,1,3888,afd7e8064e4fdb63a7d68e304c1c562c2da4c1bb40a5ad9492afdfe30ad4f162,categories/trans-male/part-0001.csv
Straight Guys,straight-guys,1,3,11807,342902fbda592d52f167e38518892279e9cd54b8bf1392563c54ce19f5de52a9,categories/straight-guys/part-0001.csv
Muscular Men,muscular-men,1,1,3903,9cbcac1006a10bd9f45300f7a070333545302dea14e5afc2da88d799ea17ad9d,categories/muscular-men/part-0001.csv
Trans With Guy,trans-with-guy,1,1,3805,72c6c7f15fa3c6aeb1eb01af603bf279882cb0b3269d3a1de09df8c2f0d33e94,categories/trans-with-guy/part-0001.csv
