title,link,duration_seconds,thumb,thumb_large,embed,pubDate
I want you to fuck me💕💕,https://www.pornhub.com/view_video.php?viewkey=6a7f7ac50df2f,20,https://pix-cdn77.phncdn.com/c6371/videos/202608/14/59004795/original_59004795.mp4/plain/ex:1:no/bg:0:0:0/rs:fit:180:135/vts:12?hash=-uPKtG2_fbSgaCtWjLFaCbyQ5bw=&validto=1786918977,https://pix-cdn77.phncdn.com/c6371/videos/202608/14/59004795/original_59004795.mp4/plain/ex:1:no/bg:0:0:0/rs:fit:320:240/vts:12?hash=OoK0Q-URS7mznjP06fnrQldVleY=&validto=1786918977,"<iframe src=""https://www.pornhub.com/embed/6a7f7ac50df2f"" frameborder=""0"" width=""560"" height=""340"" scrolling=""no"" allowfullscreen></iframe>","Thu, 01 Jan 1970 00:00:00 +0000"
Exotic Asian Has Hot Sex  15,https://www.pornhub.com/view_video.php?viewkey=6a7e8dbe1e181,106,https://pix-fl.phncdn.com/c6371/videos/202608/14/58916775/original_58916775.mov/plain/ex:1:no/bg:0:0:0/rs:fit:180:135/vts:69?hdnea=st=1786832577~exp=1786918977~hdl=-1~hmac=5cdbc45ab39a5f8c833d6e8538c52875d2635294,https://pix-fl.phncdn.com/c6371/videos/202608/14/58916775/original_58916775.mov/plain/ex:1:no/bg:0:0:0/rs:fit:320:240/vts:69?hdnea=st=1786832577~exp=1786918977~hdl=-1~hmac=0fc7506bab999aaa4079030f8f8210bc5ee8b7fd,"<iframe src=""https://www.pornhub.com/embed/6a7e8dbe1e181"" frameborder=""0"" width=""560"" height=""340"" scrolling=""no"" allowfullscreen></iframe>","Thu, 01 Jan 1970 00:00:00 +0000"
❤ FREE OnlyFans in my bio ❤,https://www.pornhub.com/view_video.php?viewkey=6a7e47b681534,11,https://pix-cdn77.phncdn.com/c6371/videos/202608/13/58905785/original_58905785.mp4/plain/ex:1:no/bg:0:0:0/rs:fit:180:135/vts:7.9?hash=2jDsMrwPsiJoUatJMAHg733MMTU=&validto=1786918977,https://pix-cdn77.phncdn.com/c6371/videos/202608/13/58905785/original_58905785.mp4/plain/ex:1:no/bg:0:0:0/rs:fit:320:240/vts:7.9?hash=tKpA1ErdawzGmsbTJjPTEWd8E_M=&validto=1786918977,"<iframe src=""https://www.pornhub.com/embed/6a7e47b681534"" frameborder=""0"" width=""560"" height=""340"" scrolling=""no"" allowfullscreen></iframe>","Thu, 01 Jan 1970 00:00:00 +0000"
Ass Fucking The Horny Japanese High School Student,https://www.pornhub.com/view_video.php?viewkey=6a7df563e02a6,1280,https://pix-cdn77.phncdn.com/c6371/videos/202608/13/58874245/original_58874245.mp4/plain/ex:1:no/bg:0:0:0/rs:fit:180:135/vts:920?hash=t448u7xn-POBB9pSkod-poyUhEg=&validto=1786918977,https://pix-fl.phncdn.com/c6371/videos/202608/13/58874245/original_58874245.mp4/plain/ex:1:no/bg:0:0:0/rs:fit:320:240/vts:920?hdnea=st=1786832577~exp=1786918977~hdl=-1~hmac=15d4b4b8acf858885c9701171b746a3b474b7d43,"<iframe src=""https://www.pornhub.com/embed/6a7df563e02a6"" frameborder=""0"" width=""560"" height=""340"" scrolling=""no"" allowfullscreen></iframe>","Thu, 01 Jan 1970 00:00:00 +0000"
"Stepsister I'll let you humping my dick ,If you let me fuck you however I want until I cum",https://www.pornhub.com/view_video.php?viewkey=6a7ca2ad0aca8,730,https://pix-fl.phncdn.com/c6371/videos/202608/12/58763345/original_58763345.mp4/plain/ex:1:no/bg:0:0:0/rs:fit:180:135/vts:5?hdnea=st=1786832577~exp=1786918977~hdl=-1~hmac=7f2e517c5a793be66ffe5878454faabfe5f7b1b3,https://pix-cdn77.phncdn.com/c6371/videos/202608/12/58763345/original_58763345.mp4/plain/ex:1:no/bg:0:0:0/rs:fit:320:240/vts:5?hash=wXjELs5e6Awtd-m_svqdr5c4wFw=&validto=1786918977,"<iframe src=""https://www.pornhub.com/embed/6a7ca2ad0aca8"" frameborder=""0"" width=""560"" height=""340"" scrolling=""no"" allowfullscreen></iframe>","Thu, 01 Jan 1970 00:00:00 +0000"
Culona tatuada le encanta sentir mi pija bien adentro- Eldesco FT Safiraa13,https://www.pornhub.com/view_video.php?viewkey=6a7c73371c2c3,1937,https://pix-cdn77.phncdn.com/c6251/videos/202608/12/58748855/original/019ff6e1-32d9-7de7-b4ae-7e8309f8c650.jpg/plain/rs:fit:180:135?hash=Cb6AHlqMDPmrOiw9EuAhfXUak0c=&validto=1786918977,https://pix-cdn77.phncdn.com/c6251/videos/202608/12/58748855/original/019ff6e1-32d9-7de7-b4ae-7e8309f8c650.jpg/plain/rs:fit:320:240?hash=DC3zBIJKmPaS3F4GRn4XJt-O5K8=&validto=1786918977,"<iframe src=""https://www.pornhub.com/embed/6a7c73371c2c3"" frameborder=""0"" width=""560"" height=""340"" scrolling=""no"" allowfullscreen></iframe>","Thu, 01 Jan 1970 00:00:00 +0000"
He Fuck And Cum Inside My Tight 18 VIRGIN Pussy - My First Monster Cock Ruined Me ( Add Me Free Nudes ),https://www.pornhub.com/view_video.php?viewkey=6a7c54dbd297f,552,https://pix-cdn77.phncdn.com/c6251/videos/202608/12/58741155/original/019ff5bb-4fd6-71b5-9dde-1659d56edc57.jpg/plain/rs:fit:180:135?hash=Cm60nGWX9POVGHq1Oy6sHuOGatY=&validto=1786918977,https://pix-cdn77.phncdn.com/c6251/videos/202608/12/58741155/original/019ff5bb-4fd6-71b5-9dde-1659d56edc57.jpg/plain/rs:fit:320:240?hash=zEA4fES6ryLH8bPnoOn8kqW_9yE=&validto=1786918977,"<iframe src=""https://www.pornhub.com/embed/6a7c54dbd297f"" frameborder=""0"" width=""560"" height=""340"" scrolling=""no"" allowfullscreen></iframe>","Thu, 01 Jan 1970 00:00:00 +0000"
MAMÃE NOEL GOSTOSA TRANSANDO FORTE EM VÁRIAS POSIÇÕES E SENDO DOMINADA POR GOSTOSO PAUZUDO,https://www.pornhub.com/view_video.php?viewkey=6a7bca4c01447,1317,https://pix-fl.phncdn.com/c6371/videos/202608/12/58696465/original_58696465.mp4/plain/ex:1:no/bg:0:0:0/rs:fit:180:135/vts:943?hdnea=st=1786832577~exp=1786918977~hdl=-1~hmac=d065babdcacdd3a6c9ca5ea484ac2da6e03431c2,https://pix-cdn77.phncdn.com/c6371/videos/202608/12/58696465/original_58696465.mp4/plain/ex:1:no/bg:0:0:0/rs:fit:320:240/vts:943?hash=uZeujENyxDaBz2txT_LvBYYqIw0=&validto=1786918977,"<iframe src=""https://www.pornhub.com/embed/6a7bca4c01447"" frameborder=""0"" width=""560"" height=""340"" scrolling=""no"" allowfullscreen></iframe>","Thu, 01 Jan 1970 00:00:00 +0000"
BAIXINHA RABUDA DÁ A BUCETINHA PELUDA DE QUATRO E DE FRENTE ATÉ ENGOLIR GOZADA NA BOCA,https://www.pornhub.com/view_video.php?viewkey=6a7b4c69b5b39,1112,https://pix-fl.phncdn.com/c6371/videos/202608/11/58654665/original_58654665.mp4/plain/ex:1:no/bg:0:0:0/rs:fit:180:135/vts:793?hdnea=st=1786832577~exp=1786918977~hdl=-1~hmac=7a75e1827093364d00a86a782e4690e124cb7b4d,https://pix-cdn77.phncdn.com/c6371/videos/202608/11/58654665/original_58654665.mp4/plain/ex:1:no/bg:0:0:0/rs:fit:320:240/vts:793?hash=PL7ZJO0pVHN8CitFaLrDwPo5Ty8=&validto=1786918977,"<iframe src=""https://www.pornhub.com/embed/6a7b4c69b5b39"" frameborder=""0"" width=""560"" height=""340"" scrolling=""no"" allowfullscreen></iframe>","Thu, 01 Jan 1970 00:00:00 +0000"
"If she looks like this when you're fucking her face, you're doing it right",https://www.pornhub.com/view_video.php?viewkey=6a7a06e114f9b,30,https://pix-fl.phncdn.com/c6371/videos/202608/10/58563485/original_58563485.mp4/plain/ex:1:no/bg:0:0:0/rs:fit:180:135/vts:12?hdnea=st=1786832577~exp=1786918977~hdl=-1~hmac=1e6b4e03d2e5935338d45f7e43089f1ce4b4454a,https://pix-cdn77.phncdn.com/c6371/videos/202608/10/58563485/original_58563485.mp4/plain/ex:1:no/bg:0:0:0/rs:fit:320:240/vts:12?hash=KmdkKUd6YquzsbGoqQ5uqk9JgIg=&validto=1786918977,"<iframe src=""https://www.pornhub.com/embed/6a7a06e114f9b"" frameborder=""0"" width=""560"" height=""340"" scrolling=""no"" allowfullscreen></iframe>","Thu, 01 Jan 1970 00:00:00 +0000"
"Wet Pink Pussy In Lace - Blonde Slut Begs You To Cum Inside, My Cunt Need Your Huge Cock",https://www.pornhub.com/view_video.php?viewkey=6a75a05828e01,327,https://pix-fl.phncdn.com/c6371/videos/202608/07/58147995/original_58147995.mov/plain/ex:1:no/bg:0:0:0/rs:fit:180:135/vts:230?hdnea=st=1786832577~exp=1786918977~hdl=-1~hmac=5e1f06f0a684c748f4946bcace9bf38ed73c7507,https://pix-cdn77.phncdn.com/c6371/videos/202608/07/58147995/original_58147995.mov/plain/ex:1:no/bg:0:0:0/rs:fit:320:240/vts:230?hash=JfWUwVe8QAnXcZSn0oc350sWEY8=&validto=1786918977,"<iframe src=""https://www.pornhub.com/embed/6a75a05828e01"" frameborder=""0"" width=""560"" height=""340"" scrolling=""no"" allowfullscreen></iframe>","Thu, 01 Jan 1970 00:00:00 +0000"
Wet Stepsister is jealous of Stepbrother's new girlfriend! HOT POV CHEATING,https://www.pornhub.com/view_video.php?viewkey=6a6ca5a10eb35,646,https://pix-fl.phncdn.com/c6371/videos/202607/31/57330945/original_57330945.mp4/plain/ex:1:no/bg:0:0:0/rs:fit:180:135/vts:12?hdnea=st=1786832577~exp=1786918977~hdl=-1~hmac=39db466377c8ee95370b63323f81eb14cecae61b,https://pix-cdn77.phncdn.com/c6371/videos/202607/31/57330945/original_57330945.mp4/plain/ex:1:no/bg:0:0:0/rs:fit:320:240/vts:12?hash=MatZuC0FJTHhLdFcNYm0e7gu__s=&validto=1786918977,"<iframe src=""https://www.pornhub.com/embed/6a6ca5a10eb35"" frameborder=""0"" width=""560"" height=""340"" scrolling=""no"" allowfullscreen></iframe>","Thu, 01 Jan 1970 00:00:00 +0000"
(How To Be Good At) PUSSY LICKING - a Massage Rooms Compilation,https://www.pornhub.com/view_video.php?viewkey=6a561a707d99c,2655,https://pix-fl.phncdn.com/c6251/videos/202607/14/55479075/original/019f64ec-3c4c-7596-8af3-618b97813cf7.jpg/plain/rs:fit:180:135?hdnea=st=1786832577~exp=1786918977~hdl=-1~hmac=d7fd1e7432140f21667a6ea13ee516c1baa17ad5,https://pix-cdn77.phncdn.com/c6251/videos/202607/14/55479075/original/019f64ec-3c4c-7596-8af3-618b97813cf7.jpg/plain/rs:fit:320:240?hash=henzvFyFiqk3MWhMDciDJcaDysA=&validto=1786918977,"<iframe src=""https://www.pornhub.com/embed/6a561a707d99c"" frameborder=""0"" width=""560"" height=""340"" scrolling=""no"" allowfullscreen></iframe>","Thu, 01 Jan 1970 00:00:00 +0000"
Fake Hostel - tan line Latina MILF with perfect Ass fucks two hard cocks,https://www.pornhub.com/view_video.php?viewkey=6a50f70b1d5cd,902,https://pix-fl.phncdn.com/c6251/videos/202607/10/55054065/original/019f4c49-5aeb-7fdb-8330-07e89b06c637.jpg/plain/rs:fit:180:135?hdnea=st=1786832577~exp=1786918977~hdl=-1~hmac=b9eaff914f46132cc8fd48b15018cc3202d20a28,https://pix-cdn77.phncdn.com/c6251/videos/202607/10/55054065/original/019f4c49-5aeb-7fdb-8330-07e89b06c637.jpg/plain/rs:fit:320:240?hash=Wp2k3ik0-gtlAjcpSjUCjC02R7o=&validto=1786918977,"<iframe src=""https://www.pornhub.com/embed/6a50f70b1d5cd"" frameborder=""0"" width=""560"" height=""340"" scrolling=""no"" allowfullscreen></iframe>","Thu, 01 Jan 1970 00:00:00 +0000"
Masturbating in the Hostel Shower,https://www.pornhub.com/view_video.php?viewkey=6a699c0ec6f1c,84,https://pix-cdn77.phncdn.com/c6371/videos/202607/29/57087995/original_57087995.mov/plain/ex:1:no/bg:0:0:0/rs:fit:180:135/vts:57?hash=snb57dnvKxAaaEynjLa6Vq6mR8A=&validto=1786918977,https://pix-cdn77.phncdn.com/c6371/videos/202607/29/57087995/original_57087995.mov/plain/ex:1:no/bg:0:0:0/rs:fit:320:240/vts:57?hash=AAxqwfi2oXOiSIvWH1k2Pm1ySwc=&validto=1786918977,"<iframe src=""https://www.pornhub.com/embed/6a699c0ec6f1c"" frameborder=""0"" width=""560"" height=""340"" scrolling=""no"" allowfullscreen></iframe>","Thu, 01 Jan 1970 00:00:00 +0000"
Join Me And Enjoy My Asian Petite Body,https://www.pornhub.com/view_video.php?viewkey=6a7f3fd609e10,10,https://pix-fl.phncdn.com/c6371/videos/202608/14/58978395/original_58978395.mp4/plain/ex:1:no/bg:0:0:0/rs:fit:180:135/vts:6.9?hdnea=st=1786832577~exp=1786918977~hdl=-1~hmac=76795a9e1461812a3317251020cc9857d7b09e80,https://pix-fl.phncdn.com/c6371/videos/202608/14/58978395/original_58978395.mp4/plain/ex:1:no/bg:0:0:0/rs:fit:320:240/vts:6.9?hdnea=st=1786832577~exp=1786918977~hdl=-1~hmac=87e83af34b9e1f3db678e8ee559b87b23b9f54b8,"<iframe src=""https://www.pornhub.com/embed/6a7f3fd609e10"" frameborder=""0"" width=""560"" height=""340"" scrolling=""no"" allowfullscreen></iframe>","Thu, 01 Jan 1970 00:00:00 +0000"
Gabber Ink | Celeste Star & Zoey Holloway Get WILD at the Bridal Shop!,https://www.pornhub.com/view_video.php?viewkey=6a7eac52b2d52,1943,https://pix-cdn77.phncdn.com/c6371/videos/202608/14/58935665/original_58935665.mov/plain/ex:1:no/bg:0:0:0/rs:fit:180:135/vts:1391?hash=AkQk0_TffMn41xI2s57Geut3R1Y=&validto=1786918977,https://pix-cdn77.phncdn.com/c6371/videos/202608/14/58935665/original_58935665.mov/plain/ex:1:no/bg:0:0:0/rs:fit:320:240/vts:1391?hash=3yYkvdi8rzVv196LUHViU9FoWi0=&validto=1786918977,"<iframe src=""https://www.pornhub.com/embed/6a7eac52b2d52"" frameborder=""0"" width=""560"" height=""340"" scrolling=""no"" allowfullscreen></iframe>","Thu, 01 Jan 1970 00:00:00 +0000"
PokoPooh 指入れクンニでリアルイき！イッたあとのヒクヒクおまんこを広げて観察💕소파에 앉은 그녀가 손가락과 오랄로 절정! 절정 직후 히쿠히쿠 반응을 펼쳐서 관찰 💕,https://www.pornhub.com/view_video.php?viewkey=6a7de1bc170c0,487,https://pix-cdn77.phncdn.com/c6371/videos/202608/13/58864015/original_58864015.mp4/plain/ex:1:no/bg:0:0:0/rs:fit:180:135/vts:345?hash=-_cAQHODdyMfYPEyZKjUuQPgLuk=&validto=1786918977,https://pix-cdn77.phncdn.com/c6371/videos/202608/13/58864015/original_58864015.mp4/plain/ex:1:no/bg:0:0:0/rs:fit:320:240/vts:345?hash=no8wtB5uXyxrLzEfJDpvgXYovXU=&validto=1786918977,"<iframe src=""https://www.pornhub.com/embed/6a7de1bc170c0"" frameborder=""0"" width=""560"" height=""340"" scrolling=""no"" allowfullscreen></iframe>","Thu, 01 Jan 1970 00:00:00 +0000"
My husband eats his cum from my asshole,https://www.pornhub.com/view_video.php?viewkey=6a7c0b01006bd,436,https://pix-cdn77.phncdn.com/c6371/videos/202608/12/58712865/original_58712865.mp4/plain/ex:1:no/bg:0:0:0/rs:fit:180:135/vts:310?hash=qrVvMXGt1CHYSLkVidyNpKclSuo=&validto=1786918977,https://pix-cdn77.phncdn.com/c6371/videos/202608/12/58712865/original_58712865.mp4/plain/ex:1:no/bg:0:0:0/rs:fit:320:240/vts:310?hash=cRlYYuEcTNaS6DOC-nIS_6MAVDg=&validto=1786918977,"<iframe src=""https://www.pornhub.com/embed/6a7c0b01006bd"" frameborder=""0"" width=""560"" height=""340"" scrolling=""no"" allowfullscreen></iframe>","Thu, 01 Jan 1970 00:00:00 +0000"
Her magnificent pussy went unused ! Nothing but rough anal,https://www.pornhub.com/view_video.php?viewkey=6a78eb4b9a668,672,https://pix-cdn77.phncdn.com/c6371/videos/202607/27/56940145/original_56940145.mp4/plain/ex:1:no/bg:0:0:0/rs:fit:180:135/vts:483?hash=l3FGTAOlDVTd9iVRj8tUEtMlWis=&validto=1786918977,https://pix-cdn77.phncdn.com/c6371/videos/202607/27/56940145/original_56940145.mp4/plain/ex:1:no/bg:0:0:0/rs:fit:320:240/vts:483?hash=oRG8qCtkQ2sjNrAl-0Jogpy4xyY=&validto=1786918977,"<iframe src=""https://www.pornhub.com/embed/6a78eb4b9a668"" frameborder=""0"" width=""560"" height=""340"" scrolling=""no"" allowfullscreen></iframe>","Thu, 01 Jan 1970 00:00:00 +0000"
"Teasing and tormenting a kinky M-type guy who loves restraints 😈 He writhes in agony from face-sitting, breath control, and concentrated attacks...",https://www.pornhub.com/view_video.php?viewkey=6a774bb79837f,251,https://pix-fl.phncdn.com/c6371/videos/202608/08/58342445/original_58342445.mp4/plain/ex:1:no/bg:0:0:0/rs:fit:180:135/vts:232?hdnea=st=1786832577~exp=1786918977~hdl=-1~hmac=8de9554d2bd2a90f3bf9afd85acc4b11f8b18314,https://pix-fl.phncdn.com/c6371/videos/202608/08/58342445/original_58342445.mp4/plain/ex:1:no/bg:0:0:0/rs:fit:320:240/vts:232?hdnea=st=1786832577~exp=1786918977~hdl=-1~hmac=7710866f71cc8d80268ba1b29b86f9d071cc47b0,"<iframe src=""https://www.pornhub.com/embed/6a774bb79837f"" frameborder=""0"" width=""560"" height=""340"" scrolling=""no"" allowfullscreen></iframe>","Thu, 01 Jan 1970 00:00:00 +0000"
Fan could not last with white pedicure and big tits!,https://www.pornhub.com/view_video.php?viewkey=6a73c8f65b266,59,https://pix-cdn77.phncdn.com/c6371/videos/202608/05/57966475/original_57966475.mp4/plain/ex:1:no/bg:0:0:0/rs:fit:180:135/vts:34?hash=tYkTFUxjljkD7E9WIGGoZAHiEYw=&validto=1786918977,https://pix-fl.phncdn.com/c6371/videos/202608/05/57966475/original_57966475.mp4/plain/ex:1:no/bg:0:0:0/rs:fit:320:240/vts:34?hdnea=st=1786832577~exp=1786918977~hdl=-1~hmac=1bb20cdc0120ccf6b30896caf3d4c18092a3b996,"<iframe src=""https://www.pornhub.com/embed/6a73c8f65b266"" frameborder=""0"" width=""560"" height=""340"" scrolling=""no"" allowfullscreen></iframe>","Thu, 01 Jan 1970 00:00:00 +0000"
Busty Miho Ichiki Takes Two Cocks in Wild Threesome,https://www.pornhub.com/view_video.php?viewkey=6a80cfc8e82d9,450,https://pix-fl.phncdn.com/c6371/videos/202608/15/59110435/original_59110435.mp4/plain/ex:1:no/bg:0:0:0/rs:fit:180:135/vts:322?hdnea=st=1786832577~exp=1786918977~hdl=-1~hmac=170921d7bd567f1ef27bff2a28edd16292934150,https://pix-fl.phncdn.com/c6371/videos/202608/15/59110435/original_59110435.mp4/plain/ex:1:no/bg:0:0:0/rs:fit:320:240/vts:322?hdnea=st=1786832577~exp=1786918977~hdl=-1~hmac=0b5d4b7999c3c0f445c6be73db15a2b4bf650bf1,"<iframe src=""https://www.pornhub.com/embed/6a80cfc8e82d9"" frameborder=""0"" width=""560"" height=""340"" scrolling=""no"" allowfullscreen></iframe>","Thu, 01 Jan 1970 00:00:00 +0000"
A natural beauty is always the best choice,https://www.pornhub.com/view_video.php?viewkey=6a80d0b510b28,41,https://pix-cdn77.phncdn.com/c6371/videos/202608/15/59110645/original_59110645.mp4/plain/ex:1:no/bg:0:0:0/rs:fit:180:135/vts:23?hash=m7zLn2Z6xsjpFqMJiQqyxpQ-mhU=&validto=1786918977,https://pix-fl.phncdn.com/c6371/videos/202608/15/59110645/original_59110645.mp4/plain/ex:1:no/bg:0:0:0/rs:fit:320:240/vts:23?hdnea=st=1786832577~exp=1786918977~hdl=-1~hmac=6e7fa2717ada4200f9099d9579b94e125bdfd9fe,"<iframe src=""https://www.pornhub.com/embed/6a80d0b510b28"" frameborder=""0"" width=""560"" height=""340"" scrolling=""no"" allowfullscreen></iframe>","Thu, 01 Jan 1970 00:00:00 +0000"
Teen fantasies turn real as this pussy gets wrecked sophieemi,https://www.pornhub.com/view_video.php?viewkey=6a80d095439ed,8,https://pix-cdn77.phncdn.com/c6371/videos/202608/15/59110625/original_59110625.mp4/plain/ex:1:no/bg:0:0:0/rs:fit:180:135/vts:5.9?hash=7VTPszczrGVfIz294KeOHJdJwbg=&validto=1786918977,https://pix-cdn77.phncdn.com/c6371/videos/202608/15/59110625/original_59110625.mp4/plain/ex:1:no/bg:0:0:0/rs:fit:320:240/vts:5.9?hash=ReBouGy5In0ODvTRkHrO0LaLNgs=&validto=1786918977,"<iframe src=""https://www.pornhub.com/embed/6a80d095439ed"" frameborder=""0"" width=""560"" height=""340"" scrolling=""no"" allowfullscreen></iframe>","Thu, 01 Jan 1970 00:00:00 +0000"
Fiery Temptation: Unveiling the Allure of a Red-Haired Dream 🔥💋✨,https://www.pornhub.com/view_video.php?viewkey=6a80d025278a7,14,https://pix-fl.phncdn.com/c6371/videos/202608/15/59110495/original_59110495.mov/plain/ex:1:no/bg:0:0:0/rs:fit:180:135/vts:9.9?hdnea=st=1786832577~exp=1786918977~hdl=-1~hmac=87b44179104f28d8975a064a0550e0856a951959,https://pix-cdn77.phncdn.com/c6371/videos/202608/15/59110495/original_59110495.mov/plain/ex:1:no/bg:0:0:0/rs:fit:320:240/vts:9.9?hash=BMMhEQVzeaA0Rwr1MbDNwH3pBPs=&validto=1786918977,"<iframe src=""https://www.pornhub.com/embed/6a80d025278a7"" frameborder=""0"" width=""560"" height=""340"" scrolling=""no"" allowfullscreen></iframe>","Thu, 01 Jan 1970 00:00:00 +0000"
Lace and seduction: where curves meet glam 💋✨,https://www.pornhub.com/view_video.php?viewkey=6a80cf3f2edd9,35,https://pix-fl.phncdn.com/c6371/videos/202608/15/59110315/original_59110315.mov/plain/ex:1:no/bg:0:0:0/rs:fit:180:135/vts:23?hdnea=st=1786832577~exp=1786918977~hdl=-1~hmac=1819080abe35b05ab6763313d5bfafb7ce4a72fc,https://pix-fl.phncdn.com/c6371/videos/202608/15/59110315/original_59110315.mov/plain/ex:1:no/bg:0:0:0/rs:fit:320:240/vts:23?hdnea=st=1786832577~exp=1786918977~hdl=-1~hmac=70c2dacfa8851fc01a9120dcc2023e947d12fc4d,"<iframe src=""https://www.pornhub.com/embed/6a80cf3f2edd9"" frameborder=""0"" width=""560"" height=""340"" scrolling=""no"" allowfullscreen></iframe>","Thu, 01 Jan 1970 00:00:00 +0000"
What if I kept teasing you like this all night?,https://www.pornhub.com/view_video.php?viewkey=6a80d036c13c1,21,https://pix-cdn77.phncdn.com/c6371/videos/202608/15/59110515/original_59110515.mp4/plain/ex:1:no/bg:0:0:0/rs:fit:180:135/vts:12?hash=Y-Dl-taY4evXLkVE-EGaQbU22jg=&validto=1786918977,https://pix-cdn77.phncdn.com/c6371/videos/202608/15/59110515/original_59110515.mp4/plain/ex:1:no/bg:0:0:0/rs:fit:320:240/vts:12?hash=IbERC5FXlDgrZ8jWsDIaFgDQrp8=&validto=1786918977,"<iframe src=""https://www.pornhub.com/embed/6a80d036c13c1"" frameborder=""0"" width=""560"" height=""340"" scrolling=""no"" allowfullscreen></iframe>","Thu, 01 Jan 1970 00:00:00 +0000"
I wish to make you scream my name tonight,https://www.pornhub.com/view_video.php?viewkey=6a80cfb139174,23,https://pix-fl.phncdn.com/c6251/videos/202608/15/59110395/remux_59110395.mp4/plain/ex:1:no/bg:0:0:0/rs:fit:180:135/vts:12?hdnea=st=1786832577~exp=1786918977~hdl=-1~hmac=a552b2159701a69ef69da6a45166d64bebfbc946,https://pix-fl.phncdn.com/c6251/videos/202608/15/59110395/remux_59110395.mp4/plain/ex:1:no/bg:0:0:0/rs:fit:320:240/vts:12?hdnea=st=1786832577~exp=1786918977~hdl=-1~hmac=41dbde3d37b62f507c90ab9b19cc1643dcce8a6d,"<iframe src=""https://www.pornhub.com/embed/6a80cfb139174"" frameborder=""0"" width=""560"" height=""340"" scrolling=""no"" allowfullscreen></iframe>","Thu, 01 Jan 1970 00:00:00 +0000"
All you can eat🍑all you can drink💦(squirt compilation)FULL VIDEOS ON OF,https://www.pornhub.com/view_video.php?viewkey=6a80cd8c0a611,36,https://pix-cdn77.phncdn.com/c6371/videos/202608/15/59109685/original_59109685.mov/plain/ex:1:no/bg:0:0:0/rs:fit:180:135/vts:23?hash=ADu_9wRm5wBJ2fLvKUZ2CNRYVKk=&validto=1786918977,https://pix-cdn77.phncdn.com/c6371/videos/202608/15/59109685/original_59109685.mov/plain/ex:1:no/bg:0:0:0/rs:fit:320:240/vts:23?hash=DQcvtanpHiXPRPF09JUgiRnCW5s=&validto=1786918977,"<iframe src=""https://www.pornhub.com/embed/6a80cd8c0a611"" frameborder=""0"" width=""560"" height=""340"" scrolling=""no"" allowfullscreen></iframe>","Thu, 01 Jan 1970 00:00:00 +0000"
"Tight, wet, and dripping just for you. Come taste. 🌸💦",https://www.pornhub.com/view_video.php?viewkey=6a80ce2d8a302,35,https://pix-fl.phncdn.com/c6371/videos/202608/15/59109915/original_59109915.mp4/plain/ex:1:no/bg:0:0:0/rs:fit:180:135/vts:23?hdnea=st=1786832577~exp=1786918977~hdl=-1~hmac=33ed520b7078fbcff080b537a81ca65f5ac1743d,https://pix-cdn77.phncdn.com/c6371/videos/202608/15/59109915/original_59109915.mp4/plain/ex:1:no/bg:0:0:0/rs:fit:320:240/vts:23?hash=xlHe8LSXFFu5ltyT4BOpAEUM1Rk=&validto=1786918977,"<iframe src=""https://www.pornhub.com/embed/6a80ce2d8a302"" frameborder=""0"" width=""560"" height=""340"" scrolling=""no"" allowfullscreen></iframe>","Thu, 01 Jan 1970 00:00:00 +0000"
Mio Kuroki's Wild Ride with Intense Fingering and POV Action,https://www.pornhub.com/view_video.php?viewkey=6a80cdaecc2a8,478,https://pix-cdn77.phncdn.com/c6371/videos/202608/15/59109735/original_59109735.mp4/plain/ex:1:no/bg:0:0:0/rs:fit:180:135/vts:333?hash=n_gVUKp5tw3CbYpaGMGQSJ6mWGA=&validto=1786918977,https://pix-cdn77.phncdn.com/c6371/videos/202608/15/59109735/original_59109735.mp4/plain/ex:1:no/bg:0:0:0/rs:fit:320:240/vts:333?hash=5BAC3HdAiWcnLhWoYVFMkXXuJas=&validto=1786918977,"<iframe src=""https://www.pornhub.com/embed/6a80cdaecc2a8"" frameborder=""0"" width=""560"" height=""340"" scrolling=""no"" allowfullscreen></iframe>","Thu, 01 Jan 1970 00:00:00 +0000"
Hidden treasure between my thighs. Ready to explore? 🥵,https://www.pornhub.com/view_video.php?viewkey=6a80ce2d7dd1e,30,https://pix-cdn77.phncdn.com/c6371/videos/202608/15/59109905/original_59109905.mp4/plain/ex:1:no/bg:0:0:0/rs:fit:180:135/vts:12?hash=mje2SP506nREMCsuIMP1QnO5aho=&validto=1786918977,https://pix-fl.phncdn.com/c6371/videos/202608/15/59109905/original_59109905.mp4/plain/ex:1:no/bg:0:0:0/rs:fit:320:240/vts:12?hdnea=st=1786832577~exp=1786918977~hdl=-1~hmac=a10329bd95a852db6f2f9444e83724ccd62cb17b,"<iframe src=""https://www.pornhub.com/embed/6a80ce2d7dd1e"" frameborder=""0"" width=""560"" height=""340"" scrolling=""no"" allowfullscreen></iframe>","Thu, 01 Jan 1970 00:00:00 +0000"
A beautiful thong under a redhead's skirt,https://www.pornhub.com/view_video.php?viewkey=6a80cc85ea391,19,https://pix-cdn77.phncdn.com/c6371/videos/202608/15/59109395/original_59109395.mov/plain/ex:1:no/bg:0:0:0/rs:fit:180:135/vts:12?hash=nkukMcvVHq4JbdUCWfmADSshJ6Q=&validto=1786918977,https://pix-fl.phncdn.com/c6371/videos/202608/15/59109395/original_59109395.mov/plain/ex:1:no/bg:0:0:0/rs:fit:320:240/vts:12?hdnea=st=1786832577~exp=1786918977~hdl=-1~hmac=c9b61e5bde5a41d513d65f1c2eb37ec67eece04b,"<iframe src=""https://www.pornhub.com/embed/6a80cc85ea391"" frameborder=""0"" width=""560"" height=""340"" scrolling=""no"" allowfullscreen></iframe>","Thu, 01 Jan 1970 00:00:00 +0000"
Treat me good and rough Daddy,https://www.pornhub.com/view_video.php?viewkey=6a80cd50ed8a6,15,https://pix-fl.phncdn.com/c6251/videos/202608/15/59109615/remux_59109615.mp4/plain/ex:1:no/bg:0:0:0/rs:fit:180:135/vts:10.9?hdnea=st=1786832577~exp=1786918977~hdl=-1~hmac=703fb94e3fce8c333e367187cc97f2690a3cc1dc,https://pix-cdn77.phncdn.com/c6251/videos/202608/15/59109615/remux_59109615.mp4/plain/ex:1:no/bg:0:0:0/rs:fit:320:240/vts:10.9?hash=_AQsyjr6PZZBNTnufBdu_dYkkBg=&validto=1786918977,"<iframe src=""https://www.pornhub.com/embed/6a80cd50ed8a6"" frameborder=""0"" width=""560"" height=""340"" scrolling=""no"" allowfullscreen></iframe>","Thu, 01 Jan 1970 00:00:00 +0000"
Chihiro Akino's Intense Japanese Creampie XXX Scene,https://www.pornhub.com/view_video.php?viewkey=6a80cbcb47f94,469,https://pix-fl.phncdn.com/c6371/videos/202608/15/59109095/original_59109095.mp4/plain/ex:1:no/bg:0:0:0/rs:fit:180:135/vts:333?hdnea=st=1786832577~exp=1786918977~hdl=-1~hmac=f5267748e274b09bb6b4ab5b6c03be9bc86676d7,https://pix-cdn77.phncdn.com/c6371/videos/202608/15/59109095/original_59109095.mp4/plain/ex:1:no/bg:0:0:0/rs:fit:320:240/vts:333?hash=uJdovbdPKlcg2vPga1l3ndGEQPA=&validto=1786918977,"<iframe src=""https://www.pornhub.com/embed/6a80cbcb47f94"" frameborder=""0"" width=""560"" height=""340"" scrolling=""no"" allowfullscreen></iframe>","Thu, 01 Jan 1970 00:00:00 +0000"
The Model Likes Anal Sex With Big Dicks,https://www.pornhub.com/view_video.php?viewkey=6a7edea3b6e3d,1425,https://pix-fl.phncdn.com/c6371/videos/202608/14/58949655/original_58949655.mp4/plain/ex:1:no/bg:0:0:0/rs:fit:180:135/vts:133?hdnea=st=1786832577~exp=1786918977~hdl=-1~hmac=759c454a50415e425fe8862464800270c5239a6d,https://pix-cdn77.phncdn.com/c6371/videos/202608/14/58949655/original_58949655.mp4/plain/ex:1:no/bg:0:0:0/rs:fit:320:240/vts:133?hash=tUP02-ao-MgGhl6EthH2dF2X8nc=&validto=1786918977,"<iframe src=""https://www.pornhub.com/embed/6a7edea3b6e3d"" frameborder=""0"" width=""560"" height=""340"" scrolling=""no"" allowfullscreen></iframe>","Thu, 01 Jan 1970 00:00:00 +0000"
Applying Cream on My Tits,https://www.pornhub.com/view_video.php?viewkey=6a66fa57d1fa7,11,https://pix-fl.phncdn.com/c6371/videos/202607/27/56884005/original_56884005.mov/plain/ex:1:no/bg:0:0:0/rs:fit:180:135/vts:7.9?hdnea=st=1786832577~exp=1786918977~hdl=-1~hmac=230ce4ede625ac924bb0d2198ff38e3944860ebf,https://pix-cdn77.phncdn.com/c6371/videos/202607/27/56884005/original_56884005.mov/plain/ex:1:no/bg:0:0:0/rs:fit:320:240/vts:7.9?hash=009yLmNa-ALCCBBX8j5qe-eFUfk=&validto=1786918977,"<iframe src=""https://www.pornhub.com/embed/6a66fa57d1fa7"" frameborder=""0"" width=""560"" height=""340"" scrolling=""no"" allowfullscreen></iframe>","Thu, 01 Jan 1970 00:00:00 +0000"
Jazmin's First Ever Lesbian Sextape,https://www.pornhub.com/view_video.php?viewkey=6a643937308cb,375,https://pix-cdn77.phncdn.com/c6371/videos/202607/25/56676755/original_56676755.mp4/plain/ex:1:no/bg:0:0:0/rs:fit:180:135/vts:356?hash=MxGNB_DVnHeMa0zMX4JAvN6a8Dc=&validto=1786918977,https://pix-fl.phncdn.com/c6371/videos/202607/25/56676755/original_56676755.mp4/plain/ex:1:no/bg:0:0:0/rs:fit:320:240/vts:356?hdnea=st=1786832577~exp=1786918977~hdl=-1~hmac=ab2a0e242264612a8377abf8daee3be283699c77,"<iframe src=""https://www.pornhub.com/embed/6a643937308cb"" frameborder=""0"" width=""560"" height=""340"" scrolling=""no"" allowfullscreen></iframe>","Thu, 01 Jan 1970 00:00:00 +0000"
Gaming Session with Lya Cutie [VR],https://www.pornhub.com/view_video.php?viewkey=6a5288e0e811b,77,https://pix-cdn77.phncdn.com/c6251/videos/202607/11/55197745/original/019f526f-b954-7256-b22e-ef85202c7688.jpg/plain/rs:fit:180:135?hash=9l8mp4pP3s2YyAhwO2F8JPRqpo8=&validto=1786918977,https://pix-cdn77.phncdn.com/c6251/videos/202607/11/55197745/original/019f526f-b954-7256-b22e-ef85202c7688.jpg/plain/rs:fit:320:240?hash=QQiOvRknk96YhBUwZld4wuqguWw=&validto=1786918977,"<iframe src=""https://www.pornhub.com/embed/6a5288e0e811b"" frameborder=""0"" width=""560"" height=""340"" scrolling=""no"" allowfullscreen></iframe>","Thu, 01 Jan 1970 00:00:00 +0000"
