embed_html|thumbnail|thumbnail_sequence|title|tags|categories|performer|duration_seconds|views|source_metric_1|source_metric_2|thumbnail_large|thumbnail_sequence_large
<iframe src="https://www.pornhub.com/embed/5ec7e99054064" frameborder="0" height="481" width="608" scrolling="no"></iframe>|https://ei.phncdn.com/videos/202005/22/316542771/original/(m=eaf8GgaaaWavb)(mh=KAK013EzHZ1Rk4Rt)8.jpg|https://ei.phncdn.com/videos/202005/22/316542771/original/(m=eaf8GgaaaWavb)(mh=KAK013EzHZ1Rk4Rt)1.jpg;https://ei.phncdn.com/videos/202005/22/316542771/original/(m=eaf8GgaaaWavb)(mh=KAK013EzHZ1Rk4Rt)2.jpg;https://ei.phncdn.com/videos/202005/22/316542771/original/(m=eaf8GgaaaWavb)(mh=KAK013EzHZ1Rk4Rt)3.jpg;https://ei.phncdn.com/videos/202005/22/316542771/original/(m=eaf8GgaaaWavb)(mh=KAK013EzHZ1Rk4Rt)4.jpg;https://ei.phncdn.com/videos/202005/22/316542771/original/(m=eaf8GgaaaWavb)(mh=KAK013EzHZ1Rk4Rt)5.jpg;https://ei.phncdn.com/videos/202005/22/316542771/original/(m=eaf8GgaaaWavb)(mh=KAK013EzHZ1Rk4Rt)6.jpg;https://ei.phncdn.com/videos/202005/22/316542771/original/(m=eaf8GgaaaWavb)(mh=KAK013EzHZ1Rk4Rt)7.jpg;https://ei.phncdn.com/videos/202005/22/316542771/original/(m=eaf8GgaaaWavb)(mh=KAK013EzHZ1Rk4Rt)8.jpg;https://ei.phncdn.com/videos/202005/22/316542771/original/(m=eaf8GgaaaWavb)(mh=KAK013EzHZ1Rk4Rt)9.jpg;https://ei.phncdn.com/videos/202005/22/316542771/original/(m=eaf8GgaaaWavb)(mh=KAK013EzHZ1Rk4Rt)10.jpg;https://ei.phncdn.com/videos/202005/22/316542771/original/(m=eaf8GgaaaWavb)(mh=KAK013EzHZ1Rk4Rt)11.jpg;https://ei.phncdn.com/videos/202005/22/316542771/original/(m=eaf8GgaaaWavb)(mh=KAK013EzHZ1Rk4Rt)12.jpg;https://ei.phncdn.com/videos/202005/22/316542771/original/(m=eaf8GgaaaWavb)(mh=KAK013EzHZ1Rk4Rt)13.jpg;https://ei.phncdn.com/videos/202005/22/316542771/original/(m=eaf8GgaaaWavb)(mh=KAK013EzHZ1Rk4Rt)14.jpg;https://ei.phncdn.com/videos/202005/22/316542771/original/(m=eaf8GgaaaWavb)(mh=KAK013EzHZ1Rk4Rt)15.jpg;https://ei.phncdn.com/videos/202005/22/316542771/original/(m=eaf8GgaaaWavb)(mh=KAK013EzHZ1Rk4Rt)16.jpg|P2V for MH|ass-fuck;bgbn|Vertical Video||68|0|||https://ei.phncdn.com/videos/202005/22/316542771/original/(m=eaAaGwObaaamqv)(mh=AWcXVQRVuxz_1eKE)8.jpg|https://ei.phncdn.com/videos/202005/22/316542771/original/(m=eaAaGwObaaamqv)(mh=AWcXVQRVuxz_1eKE)1.jpg;https://ei.phncdn.com/videos/202005/22/316542771/original/(m=eaAaGwObaaamqv)(mh=AWcXVQRVuxz_1eKE)2.jpg;https://ei.phncdn.com/videos/202005/22/316542771/original/(m=eaAaGwObaaamqv)(mh=AWcXVQRVuxz_1eKE)3.jpg;https://ei.phncdn.com/videos/202005/22/316542771/original/(m=eaAaGwObaaamqv)(mh=AWcXVQRVuxz_1eKE)4.jpg;https://ei.phncdn.com/videos/202005/22/316542771/original/(m=eaAaGwObaaamqv)(mh=AWcXVQRVuxz_1eKE)5.jpg;https://ei.phncdn.com/videos/202005/22/316542771/original/(m=eaAaGwObaaamqv)(mh=AWcXVQRVuxz_1eKE)6.jpg;https://ei.phncdn.com/videos/202005/22/316542771/original/(m=eaAaGwObaaamqv)(mh=AWcXVQRVuxz_1eKE)7.jpg;https://ei.phncdn.com/videos/202005/22/316542771/original/(m=eaAaGwObaaamqv)(mh=AWcXVQRVuxz_1eKE)8.jpg;https://ei.phncdn.com/videos/202005/22/316542771/original/(m=eaAaGwObaaamqv)(mh=AWcXVQRVuxz_1eKE)9.jpg;https://ei.phncdn.com/videos/202005/22/316542771/original/(m=eaAaGwObaaamqv)(mh=AWcXVQRVuxz_1eKE)10.jpg;https://ei.phncdn.com/videos/202005/22/316542771/original/(m=eaAaGwObaaamqv)(mh=AWcXVQRVuxz_1eKE)11.jpg;https://ei.phncdn.com/videos/202005/22/316542771/original/(m=eaAaGwObaaamqv)(mh=AWcXVQRVuxz_1eKE)12.jpg;https://ei.phncdn.com/videos/202005/22/316542771/original/(m=eaAaGwObaaamqv)(mh=AWcXVQRVuxz_1eKE)13.jpg;https://ei.phncdn.com/videos/202005/22/316542771/original/(m=eaAaGwObaaamqv)(mh=AWcXVQRVuxz_1eKE)14.jpg;https://ei.phncdn.com/videos/202005/22/316542771/original/(m=eaAaGwObaaamqv)(mh=AWcXVQRVuxz_1eKE)15.jpg;https://ei.phncdn.com/videos/202005/22/316542771/original/(m=eaAaGwObaaamqv)(mh=AWcXVQRVuxz_1eKE)16.jpg
<iframe src="https://www.pornhub.com/embed/ph60e357b75b11a" frameborder="0" height="481" width="608" scrolling="no"></iframe>|https://ei.phncdn.com/videos/202107/05/390734461/original/(m=eaf8GgaaaWavb)(mh=DmdeeS78YJAf5hFi)13.jpg|https://ei.phncdn.com/videos/202107/05/390734461/original/(m=eaf8GgaaaWavb)(mh=DmdeeS78YJAf5hFi)1.jpg;https://ei.phncdn.com/videos/202107/05/390734461/original/(m=eaf8GgaaaWavb)(mh=DmdeeS78YJAf5hFi)2.jpg;https://ei.phncdn.com/videos/202107/05/390734461/original/(m=eaf8GgaaaWavb)(mh=DmdeeS78YJAf5hFi)3.jpg;https://ei.phncdn.com/videos/202107/05/390734461/original/(m=eaf8GgaaaWavb)(mh=DmdeeS78YJAf5hFi)4.jpg;https://ei.phncdn.com/videos/202107/05/390734461/original/(m=eaf8GgaaaWavb)(mh=DmdeeS78YJAf5hFi)5.jpg;https://ei.phncdn.com/videos/202107/05/390734461/original/(m=eaf8GgaaaWavb)(mh=DmdeeS78YJAf5hFi)6.jpg;https://ei.phncdn.com/videos/202107/05/390734461/original/(m=eaf8GgaaaWavb)(mh=DmdeeS78YJAf5hFi)7.jpg;https://ei.phncdn.com/videos/202107/05/390734461/original/(m=eaf8GgaaaWavb)(mh=DmdeeS78YJAf5hFi)8.jpg;https://ei.phncdn.com/videos/202107/05/390734461/original/(m=eaf8GgaaaWavb)(mh=DmdeeS78YJAf5hFi)9.jpg;https://ei.phncdn.com/videos/202107/05/390734461/original/(m=eaf8GgaaaWavb)(mh=DmdeeS78YJAf5hFi)10.jpg;https://ei.phncdn.com/videos/202107/05/390734461/original/(m=eaf8GgaaaWavb)(mh=DmdeeS78YJAf5hFi)11.jpg;https://ei.phncdn.com/videos/202107/05/390734461/original/(m=eaf8GgaaaWavb)(mh=DmdeeS78YJAf5hFi)12.jpg;https://ei.phncdn.com/videos/202107/05/390734461/original/(m=eaf8GgaaaWavb)(mh=DmdeeS78YJAf5hFi)13.jpg;https://ei.phncdn.com/videos/202107/05/390734461/original/(m=eaf8GgaaaWavb)(mh=DmdeeS78YJAf5hFi)14.jpg;https://ei.phncdn.com/videos/202107/05/390734461/original/(m=eaf8GgaaaWavb)(mh=DmdeeS78YJAf5hFi)15.jpg;https://ei.phncdn.com/videos/202107/05/390734461/original/(m=eaf8GgaaaWavb)(mh=DmdeeS78YJAf5hFi)16.jpg|L'exterieur 05072021 8|bloop;view;wall|Vertical Video||34|165|||https://ei.phncdn.com/videos/202107/05/390734461/original/(m=eaAaGwObaaamqv)(mh=ZIHjzUtFk3YeG2uf)13.jpg|https://ei.phncdn.com/videos/202107/05/390734461/original/(m=eaAaGwObaaamqv)(mh=ZIHjzUtFk3YeG2uf)1.jpg;https://ei.phncdn.com/videos/202107/05/390734461/original/(m=eaAaGwObaaamqv)(mh=ZIHjzUtFk3YeG2uf)2.jpg;https://ei.phncdn.com/videos/202107/05/390734461/original/(m=eaAaGwObaaamqv)(mh=ZIHjzUtFk3YeG2uf)3.jpg;https://ei.phncdn.com/videos/202107/05/390734461/original/(m=eaAaGwObaaamqv)(mh=ZIHjzUtFk3YeG2uf)4.jpg;https://ei.phncdn.com/videos/202107/05/390734461/original/(m=eaAaGwObaaamqv)(mh=ZIHjzUtFk3YeG2uf)5.jpg;https://ei.phncdn.com/videos/202107/05/390734461/original/(m=eaAaGwObaaamqv)(mh=ZIHjzUtFk3YeG2uf)6.jpg;https://ei.phncdn.com/videos/202107/05/390734461/original/(m=eaAaGwObaaamqv)(mh=ZIHjzUtFk3YeG2uf)7.jpg;https://ei.phncdn.com/videos/202107/05/390734461/original/(m=eaAaGwObaaamqv)(mh=ZIHjzUtFk3YeG2uf)8.jpg;https://ei.phncdn.com/videos/202107/05/390734461/original/(m=eaAaGwObaaamqv)(mh=ZIHjzUtFk3YeG2uf)9.jpg;https://ei.phncdn.com/videos/202107/05/390734461/original/(m=eaAaGwObaaamqv)(mh=ZIHjzUtFk3YeG2uf)10.jpg;https://ei.phncdn.com/videos/202107/05/390734461/original/(m=eaAaGwObaaamqv)(mh=ZIHjzUtFk3YeG2uf)11.jpg;https://ei.phncdn.com/videos/202107/05/390734461/original/(m=eaAaGwObaaamqv)(mh=ZIHjzUtFk3YeG2uf)12.jpg;https://ei.phncdn.com/videos/202107/05/390734461/original/(m=eaAaGwObaaamqv)(mh=ZIHjzUtFk3YeG2uf)13.jpg;https://ei.phncdn.com/videos/202107/05/390734461/original/(m=eaAaGwObaaamqv)(mh=ZIHjzUtFk3YeG2uf)14.jpg;https://ei.phncdn.com/videos/202107/05/390734461/original/(m=eaAaGwObaaamqv)(mh=ZIHjzUtFk3YeG2uf)15.jpg;https://ei.phncdn.com/videos/202107/05/390734461/original/(m=eaAaGwObaaamqv)(mh=ZIHjzUtFk3YeG2uf)16.jpg
<iframe src="https://www.pornhub.com/embed/ph61c21919de6c2" frameborder="0" height="481" width="608" scrolling="no"></iframe>|https://ei.phncdn.com/videos/202112/21/400016901/original/(m=eaf8GgaaaWavb)(mh=_K6oAyLiIMcLagY2)1.jpg|https://ei.phncdn.com/videos/202112/21/400016901/original/(m=eaf8GgaaaWavb)(mh=_K6oAyLiIMcLagY2)1.jpg;https://ei.phncdn.com/videos/202112/21/400016901/original/(m=eaf8GgaaaWavb)(mh=_K6oAyLiIMcLagY2)2.jpg;https://ei.phncdn.com/videos/202112/21/400016901/original/(m=eaf8GgaaaWavb)(mh=_K6oAyLiIMcLagY2)3.jpg;https://ei.phncdn.com/videos/202112/21/400016901/original/(m=eaf8GgaaaWavb)(mh=_K6oAyLiIMcLagY2)4.jpg;https://ei.phncdn.com/videos/202112/21/400016901/original/(m=eaf8GgaaaWavb)(mh=_K6oAyLiIMcLagY2)5.jpg;https://ei.phncdn.com/videos/202112/21/400016901/original/(m=eaf8GgaaaWavb)(mh=_K6oAyLiIMcLagY2)6.jpg;https://ei.phncdn.com/videos/202112/21/400016901/original/(m=eaf8GgaaaWavb)(mh=_K6oAyLiIMcLagY2)7.jpg;https://ei.phncdn.com/videos/202112/21/400016901/original/(m=eaf8GgaaaWavb)(mh=_K6oAyLiIMcLagY2)8.jpg;https://ei.phncdn.com/videos/202112/21/400016901/original/(m=eaf8GgaaaWavb)(mh=_K6oAyLiIMcLagY2)9.jpg;https://ei.phncdn.com/videos/202112/21/400016901/original/(m=eaf8GgaaaWavb)(mh=_K6oAyLiIMcLagY2)10.jpg;https://ei.phncdn.com/videos/202112/21/400016901/original/(m=eaf8GgaaaWavb)(mh=_K6oAyLiIMcLagY2)11.jpg;https://ei.phncdn.com/videos/202112/21/400016901/original/(m=eaf8GgaaaWavb)(mh=_K6oAyLiIMcLagY2)12.jpg;https://ei.phncdn.com/videos/202112/21/400016901/original/(m=eaf8GgaaaWavb)(mh=_K6oAyLiIMcLagY2)13.jpg;https://ei.phncdn.com/videos/202112/21/400016901/original/(m=eaf8GgaaaWavb)(mh=_K6oAyLiIMcLagY2)14.jpg;https://ei.phncdn.com/videos/202112/21/400016901/original/(m=eaf8GgaaaWavb)(mh=_K6oAyLiIMcLagY2)15.jpg;https://ei.phncdn.com/videos/202112/21/400016901/original/(m=eaf8GgaaaWavb)(mh=_K6oAyLiIMcLagY2)16.jpg|7 minutes in heaven with THESTARTOFUS|aria;ph-aria;7-minutes-in-heaven|Vertical Video||1376|458532|503|493|https://ei.phncdn.com/videos/202112/21/400016901/original/(m=eaAaGwObaaamqv)(mh=JaQfbW-rM9TQSNwi)1.jpg|https://ei.phncdn.com/videos/202112/21/400016901/original/(m=eaAaGwObaaamqv)(mh=JaQfbW-rM9TQSNwi)1.jpg;https://ei.phncdn.com/videos/202112/21/400016901/original/(m=eaAaGwObaaamqv)(mh=JaQfbW-rM9TQSNwi)2.jpg;https://ei.phncdn.com/videos/202112/21/400016901/original/(m=eaAaGwObaaamqv)(mh=JaQfbW-rM9TQSNwi)3.jpg;https://ei.phncdn.com/videos/202112/21/400016901/original/(m=eaAaGwObaaamqv)(mh=JaQfbW-rM9TQSNwi)4.jpg;https://ei.phncdn.com/videos/202112/21/400016901/original/(m=eaAaGwObaaamqv)(mh=JaQfbW-rM9TQSNwi)5.jpg;https://ei.phncdn.com/videos/202112/21/400016901/original/(m=eaAaGwObaaamqv)(mh=JaQfbW-rM9TQSNwi)6.jpg;https://ei.phncdn.com/videos/202112/21/400016901/original/(m=eaAaGwObaaamqv)(mh=JaQfbW-rM9TQSNwi)7.jpg;https://ei.phncdn.com/videos/202112/21/400016901/original/(m=eaAaGwObaaamqv)(mh=JaQfbW-rM9TQSNwi)8.jpg;https://ei.phncdn.com/videos/202112/21/400016901/original/(m=eaAaGwObaaamqv)(mh=JaQfbW-rM9TQSNwi)9.jpg;https://ei.phncdn.com/videos/202112/21/400016901/original/(m=eaAaGwObaaamqv)(mh=JaQfbW-rM9TQSNwi)10.jpg;https://ei.phncdn.com/videos/202112/21/400016901/original/(m=eaAaGwObaaamqv)(mh=JaQfbW-rM9TQSNwi)11.jpg;https://ei.phncdn.com/videos/202112/21/400016901/original/(m=eaAaGwObaaamqv)(mh=JaQfbW-rM9TQSNwi)12.jpg;https://ei.phncdn.com/videos/202112/21/400016901/original/(m=eaAaGwObaaamqv)(mh=JaQfbW-rM9TQSNwi)13.jpg;https://ei.phncdn.com/videos/202112/21/400016901/original/(m=eaAaGwObaaamqv)(mh=JaQfbW-rM9TQSNwi)14.jpg;https://ei.phncdn.com/videos/202112/21/400016901/original/(m=eaAaGwObaaamqv)(mh=JaQfbW-rM9TQSNwi)15.jpg;https://ei.phncdn.com/videos/202112/21/400016901/original/(m=eaAaGwObaaamqv)(mh=JaQfbW-rM9TQSNwi)16.jpg
<iframe src="https://www.pornhub.com/embed/ph623c9b72b72cd" frameborder="0" height="481" width="608" scrolling="no"></iframe>|https://ei.phncdn.com/videos/202203/24/405246251/original/(m=eaf8GgaaaWavb)(mh=8JOH2pzzFJKyndtM)1.jpg|https://ei.phncdn.com/videos/202203/24/405246251/original/(m=eaf8GgaaaWavb)(mh=8JOH2pzzFJKyndtM)1.jpg;https://ei.phncdn.com/videos/202203/24/405246251/original/(m=eaf8GgaaaWavb)(mh=8JOH2pzzFJKyndtM)2.jpg;https://ei.phncdn.com/videos/202203/24/405246251/original/(m=eaf8GgaaaWavb)(mh=8JOH2pzzFJKyndtM)3.jpg;https://ei.phncdn.com/videos/202203/24/405246251/original/(m=eaf8GgaaaWavb)(mh=8JOH2pzzFJKyndtM)4.jpg;https://ei.phncdn.com/videos/202203/24/405246251/original/(m=eaf8GgaaaWavb)(mh=8JOH2pzzFJKyndtM)5.jpg;https://ei.phncdn.com/videos/202203/24/405246251/original/(m=eaf8GgaaaWavb)(mh=8JOH2pzzFJKyndtM)6.jpg;https://ei.phncdn.com/videos/202203/24/405246251/original/(m=eaf8GgaaaWavb)(mh=8JOH2pzzFJKyndtM)7.jpg;https://ei.phncdn.com/videos/202203/24/405246251/original/(m=eaf8GgaaaWavb)(mh=8JOH2pzzFJKyndtM)8.jpg;https://ei.phncdn.com/videos/202203/24/405246251/original/(m=eaf8GgaaaWavb)(mh=8JOH2pzzFJKyndtM)9.jpg;https://ei.phncdn.com/videos/202203/24/405246251/original/(m=eaf8GgaaaWavb)(mh=8JOH2pzzFJKyndtM)10.jpg;https://ei.phncdn.com/videos/202203/24/405246251/original/(m=eaf8GgaaaWavb)(mh=8JOH2pzzFJKyndtM)11.jpg;https://ei.phncdn.com/videos/202203/24/405246251/original/(m=eaf8GgaaaWavb)(mh=8JOH2pzzFJKyndtM)12.jpg;https://ei.phncdn.com/videos/202203/24/405246251/original/(m=eaf8GgaaaWavb)(mh=8JOH2pzzFJKyndtM)13.jpg;https://ei.phncdn.com/videos/202203/24/405246251/original/(m=eaf8GgaaaWavb)(mh=8JOH2pzzFJKyndtM)14.jpg;https://ei.phncdn.com/videos/202203/24/405246251/original/(m=eaf8GgaaaWavb)(mh=8JOH2pzzFJKyndtM)15.jpg;https://ei.phncdn.com/videos/202203/24/405246251/original/(m=eaf8GgaaaWavb)(mh=8JOH2pzzFJKyndtM)16.jpg|7 minutes in heaven with Valentina Bianca|7-minutes-in-heaven;ph-aria;aria;valentina-bianca|Vertical Video||652|1292|4|2|https://ei.phncdn.com/videos/202203/24/405246251/original/(m=eaAaGwObaaamqv)(mh=dLtHzqAopC4NIKNx)1.jpg|https://ei.phncdn.com/videos/202203/24/405246251/original/(m=eaAaGwObaaamqv)(mh=dLtHzqAopC4NIKNx)1.jpg;https://ei.phncdn.com/videos/202203/24/405246251/original/(m=eaAaGwObaaamqv)(mh=dLtHzqAopC4NIKNx)2.jpg;https://ei.phncdn.com/videos/202203/24/405246251/original/(m=eaAaGwObaaamqv)(mh=dLtHzqAopC4NIKNx)3.jpg;https://ei.phncdn.com/videos/202203/24/405246251/original/(m=eaAaGwObaaamqv)(mh=dLtHzqAopC4NIKNx)4.jpg;https://ei.phncdn.com/videos/202203/24/405246251/original/(m=eaAaGwObaaamqv)(mh=dLtHzqAopC4NIKNx)5.jpg;https://ei.phncdn.com/videos/202203/24/405246251/original/(m=eaAaGwObaaamqv)(mh=dLtHzqAopC4NIKNx)6.jpg;https://ei.phncdn.com/videos/202203/24/405246251/original/(m=eaAaGwObaaamqv)(mh=dLtHzqAopC4NIKNx)7.jpg;https://ei.phncdn.com/videos/202203/24/405246251/original/(m=eaAaGwObaaamqv)(mh=dLtHzqAopC4NIKNx)8.jpg;https://ei.phncdn.com/videos/202203/24/405246251/original/(m=eaAaGwObaaamqv)(mh=dLtHzqAopC4NIKNx)9.jpg;https://ei.phncdn.com/videos/202203/24/405246251/original/(m=eaAaGwObaaamqv)(mh=dLtHzqAopC4NIKNx)10.jpg;https://ei.phncdn.com/videos/202203/24/405246251/original/(m=eaAaGwObaaamqv)(mh=dLtHzqAopC4NIKNx)11.jpg;https://ei.phncdn.com/videos/202203/24/405246251/original/(m=eaAaGwObaaamqv)(mh=dLtHzqAopC4NIKNx)12.jpg;https://ei.phncdn.com/videos/202203/24/405246251/original/(m=eaAaGwObaaamqv)(mh=dLtHzqAopC4NIKNx)13.jpg;https://ei.phncdn.com/videos/202203/24/405246251/original/(m=eaAaGwObaaamqv)(mh=dLtHzqAopC4NIKNx)14.jpg;https://ei.phncdn.com/videos/202203/24/405246251/original/(m=eaAaGwObaaamqv)(mh=dLtHzqAopC4NIKNx)15.jpg;https://ei.phncdn.com/videos/202203/24/405246251/original/(m=eaAaGwObaaamqv)(mh=dLtHzqAopC4NIKNx)16.jpg
<iframe src="https://www.pornhub.com/embed/64ee6f0520626" frameborder="0" height="481" width="608" scrolling="no"></iframe>|https://ei.phncdn.com/videos/202308/29/438395641/original/(m=eaf8GgaaaWavb)(mh=p712EUX0rvqcSJc2)13.jpg|https://ei.phncdn.com/videos/202308/29/438395641/original/(m=eaf8GgaaaWavb)(mh=p712EUX0rvqcSJc2)1.jpg;https://ei.phncdn.com/videos/202308/29/438395641/original/(m=eaf8GgaaaWavb)(mh=p712EUX0rvqcSJc2)2.jpg;https://ei.phncdn.com/videos/202308/29/438395641/original/(m=eaf8GgaaaWavb)(mh=p712EUX0rvqcSJc2)3.jpg;https://ei.phncdn.com/videos/202308/29/438395641/original/(m=eaf8GgaaaWavb)(mh=p712EUX0rvqcSJc2)4.jpg;https://ei.phncdn.com/videos/202308/29/438395641/original/(m=eaf8GgaaaWavb)(mh=p712EUX0rvqcSJc2)5.jpg;https://ei.phncdn.com/videos/202308/29/438395641/original/(m=eaf8GgaaaWavb)(mh=p712EUX0rvqcSJc2)6.jpg;https://ei.phncdn.com/videos/202308/29/438395641/original/(m=eaf8GgaaaWavb)(mh=p712EUX0rvqcSJc2)7.jpg;https://ei.phncdn.com/videos/202308/29/438395641/original/(m=eaf8GgaaaWavb)(mh=p712EUX0rvqcSJc2)8.jpg;https://ei.phncdn.com/videos/202308/29/438395641/original/(m=eaf8GgaaaWavb)(mh=p712EUX0rvqcSJc2)9.jpg;https://ei.phncdn.com/videos/202308/29/438395641/original/(m=eaf8GgaaaWavb)(mh=p712EUX0rvqcSJc2)10.jpg;https://ei.phncdn.com/videos/202308/29/438395641/original/(m=eaf8GgaaaWavb)(mh=p712EUX0rvqcSJc2)11.jpg;https://ei.phncdn.com/videos/202308/29/438395641/original/(m=eaf8GgaaaWavb)(mh=p712EUX0rvqcSJc2)12.jpg;https://ei.phncdn.com/videos/202308/29/438395641/original/(m=eaf8GgaaaWavb)(mh=p712EUX0rvqcSJc2)13.jpg;https://ei.phncdn.com/videos/202308/29/438395641/original/(m=eaf8GgaaaWavb)(mh=p712EUX0rvqcSJc2)14.jpg;https://ei.phncdn.com/videos/202308/29/438395641/original/(m=eaf8GgaaaWavb)(mh=p712EUX0rvqcSJc2)15.jpg;https://ei.phncdn.com/videos/202308/29/438395641/original/(m=eaf8GgaaaWavb)(mh=p712EUX0rvqcSJc2)16.jpg|Na trilha|moto;preto|Vertical Video||56|25|||https://ei.phncdn.com/videos/202308/29/438395641/original/(m=eaAaGwObaaamqv)(mh=Ded8i_gznLsSff2M)13.jpg|https://ei.phncdn.com/videos/202308/29/438395641/original/(m=eaAaGwObaaamqv)(mh=Ded8i_gznLsSff2M)1.jpg;https://ei.phncdn.com/videos/202308/29/438395641/original/(m=eaAaGwObaaamqv)(mh=Ded8i_gznLsSff2M)2.jpg;https://ei.phncdn.com/videos/202308/29/438395641/original/(m=eaAaGwObaaamqv)(mh=Ded8i_gznLsSff2M)3.jpg;https://ei.phncdn.com/videos/202308/29/438395641/original/(m=eaAaGwObaaamqv)(mh=Ded8i_gznLsSff2M)4.jpg;https://ei.phncdn.com/videos/202308/29/438395641/original/(m=eaAaGwObaaamqv)(mh=Ded8i_gznLsSff2M)5.jpg;https://ei.phncdn.com/videos/202308/29/438395641/original/(m=eaAaGwObaaamqv)(mh=Ded8i_gznLsSff2M)6.jpg;https://ei.phncdn.com/videos/202308/29/438395641/original/(m=eaAaGwObaaamqv)(mh=Ded8i_gznLsSff2M)7.jpg;https://ei.phncdn.com/videos/202308/29/438395641/original/(m=eaAaGwObaaamqv)(mh=Ded8i_gznLsSff2M)8.jpg;https://ei.phncdn.com/videos/202308/29/438395641/original/(m=eaAaGwObaaamqv)(mh=Ded8i_gznLsSff2M)9.jpg;https://ei.phncdn.com/videos/202308/29/438395641/original/(m=eaAaGwObaaamqv)(mh=Ded8i_gznLsSff2M)10.jpg;https://ei.phncdn.com/videos/202308/29/438395641/original/(m=eaAaGwObaaamqv)(mh=Ded8i_gznLsSff2M)11.jpg;https://ei.phncdn.com/videos/202308/29/438395641/original/(m=eaAaGwObaaamqv)(mh=Ded8i_gznLsSff2M)12.jpg;https://ei.phncdn.com/videos/202308/29/438395641/original/(m=eaAaGwObaaamqv)(mh=Ded8i_gznLsSff2M)13.jpg;https://ei.phncdn.com/videos/202308/29/438395641/original/(m=eaAaGwObaaamqv)(mh=Ded8i_gznLsSff2M)14.jpg;https://ei.phncdn.com/videos/202308/29/438395641/original/(m=eaAaGwObaaamqv)(mh=Ded8i_gznLsSff2M)15.jpg;https://ei.phncdn.com/videos/202308/29/438395641/original/(m=eaAaGwObaaamqv)(mh=Ded8i_gznLsSff2M)16.jpg
<iframe src="https://www.pornhub.com/embed/6508ce7dddf13" frameborder="0" height="481" width="608" scrolling="no"></iframe>|https://ei.phncdn.com/videos/202309/18/439670911/original/(m=eaf8GgaaaWavb)(mh=QBhldfAAaUcvc5AM)13.jpg|https://ei.phncdn.com/videos/202309/18/439670911/original/(m=eaf8GgaaaWavb)(mh=QBhldfAAaUcvc5AM)1.jpg;https://ei.phncdn.com/videos/202309/18/439670911/original/(m=eaf8GgaaaWavb)(mh=QBhldfAAaUcvc5AM)2.jpg;https://ei.phncdn.com/videos/202309/18/439670911/original/(m=eaf8GgaaaWavb)(mh=QBhldfAAaUcvc5AM)3.jpg;https://ei.phncdn.com/videos/202309/18/439670911/original/(m=eaf8GgaaaWavb)(mh=QBhldfAAaUcvc5AM)4.jpg;https://ei.phncdn.com/videos/202309/18/439670911/original/(m=eaf8GgaaaWavb)(mh=QBhldfAAaUcvc5AM)5.jpg;https://ei.phncdn.com/videos/202309/18/439670911/original/(m=eaf8GgaaaWavb)(mh=QBhldfAAaUcvc5AM)6.jpg;https://ei.phncdn.com/videos/202309/18/439670911/original/(m=eaf8GgaaaWavb)(mh=QBhldfAAaUcvc5AM)7.jpg;https://ei.phncdn.com/videos/202309/18/439670911/original/(m=eaf8GgaaaWavb)(mh=QBhldfAAaUcvc5AM)8.jpg;https://ei.phncdn.com/videos/202309/18/439670911/original/(m=eaf8GgaaaWavb)(mh=QBhldfAAaUcvc5AM)9.jpg;https://ei.phncdn.com/videos/202309/18/439670911/original/(m=eaf8GgaaaWavb)(mh=QBhldfAAaUcvc5AM)10.jpg;https://ei.phncdn.com/videos/202309/18/439670911/original/(m=eaf8GgaaaWavb)(mh=QBhldfAAaUcvc5AM)11.jpg;https://ei.phncdn.com/videos/202309/18/439670911/original/(m=eaf8GgaaaWavb)(mh=QBhldfAAaUcvc5AM)12.jpg;https://ei.phncdn.com/videos/202309/18/439670911/original/(m=eaf8GgaaaWavb)(mh=QBhldfAAaUcvc5AM)13.jpg;https://ei.phncdn.com/videos/202309/18/439670911/original/(m=eaf8GgaaaWavb)(mh=QBhldfAAaUcvc5AM)14.jpg;https://ei.phncdn.com/videos/202309/18/439670911/original/(m=eaf8GgaaaWavb)(mh=QBhldfAAaUcvc5AM)15.jpg;https://ei.phncdn.com/videos/202309/18/439670911/original/(m=eaf8GgaaaWavb)(mh=QBhldfAAaUcvc5AM)16.jpg|Unforgettable Journey|nature;journey|Vertical Video||42|33|||https://ei.phncdn.com/videos/202309/18/439670911/original/(m=eaAaGwObaaamqv)(mh=q9qUBQX0JqFKQvYn)13.jpg|https://ei.phncdn.com/videos/202309/18/439670911/original/(m=eaAaGwObaaamqv)(mh=q9qUBQX0JqFKQvYn)1.jpg;https://ei.phncdn.com/videos/202309/18/439670911/original/(m=eaAaGwObaaamqv)(mh=q9qUBQX0JqFKQvYn)2.jpg;https://ei.phncdn.com/videos/202309/18/439670911/original/(m=eaAaGwObaaamqv)(mh=q9qUBQX0JqFKQvYn)3.jpg;https://ei.phncdn.com/videos/202309/18/439670911/original/(m=eaAaGwObaaamqv)(mh=q9qUBQX0JqFKQvYn)4.jpg;https://ei.phncdn.com/videos/202309/18/439670911/original/(m=eaAaGwObaaamqv)(mh=q9qUBQX0JqFKQvYn)5.jpg;https://ei.phncdn.com/videos/202309/18/439670911/original/(m=eaAaGwObaaamqv)(mh=q9qUBQX0JqFKQvYn)6.jpg;https://ei.phncdn.com/videos/202309/18/439670911/original/(m=eaAaGwObaaamqv)(mh=q9qUBQX0JqFKQvYn)7.jpg;https://ei.phncdn.com/videos/202309/18/439670911/original/(m=eaAaGwObaaamqv)(mh=q9qUBQX0JqFKQvYn)8.jpg;https://ei.phncdn.com/videos/202309/18/439670911/original/(m=eaAaGwObaaamqv)(mh=q9qUBQX0JqFKQvYn)9.jpg;https://ei.phncdn.com/videos/202309/18/439670911/original/(m=eaAaGwObaaamqv)(mh=q9qUBQX0JqFKQvYn)10.jpg;https://ei.phncdn.com/videos/202309/18/439670911/original/(m=eaAaGwObaaamqv)(mh=q9qUBQX0JqFKQvYn)11.jpg;https://ei.phncdn.com/videos/202309/18/439670911/original/(m=eaAaGwObaaamqv)(mh=q9qUBQX0JqFKQvYn)12.jpg;https://ei.phncdn.com/videos/202309/18/439670911/original/(m=eaAaGwObaaamqv)(mh=q9qUBQX0JqFKQvYn)13.jpg;https://ei.phncdn.com/videos/202309/18/439670911/original/(m=eaAaGwObaaamqv)(mh=q9qUBQX0JqFKQvYn)14.jpg;https://ei.phncdn.com/videos/202309/18/439670911/original/(m=eaAaGwObaaamqv)(mh=q9qUBQX0JqFKQvYn)15.jpg;https://ei.phncdn.com/videos/202309/18/439670911/original/(m=eaAaGwObaaamqv)(mh=q9qUBQX0JqFKQvYn)16.jpg
<iframe src="https://www.pornhub.com/embed/654cc649c47c7" frameborder="0" height="481" width="608" scrolling="no"></iframe>|https://ei.phncdn.com/videos/202311/09/442692131/original/(m=eaf8GgaaaWavb)(mh=swXHoQRboXRZckfJ)1.jpg|https://ei.phncdn.com/videos/202311/09/442692131/original/(m=eaf8GgaaaWavb)(mh=swXHoQRboXRZckfJ)1.jpg;https://ei.phncdn.com/videos/202311/09/442692131/original/(m=eaf8GgaaaWavb)(mh=swXHoQRboXRZckfJ)2.jpg;https://ei.phncdn.com/videos/202311/09/442692131/original/(m=eaf8GgaaaWavb)(mh=swXHoQRboXRZckfJ)3.jpg;https://ei.phncdn.com/videos/202311/09/442692131/original/(m=eaf8GgaaaWavb)(mh=swXHoQRboXRZckfJ)4.jpg;https://ei.phncdn.com/videos/202311/09/442692131/original/(m=eaf8GgaaaWavb)(mh=swXHoQRboXRZckfJ)5.jpg;https://ei.phncdn.com/videos/202311/09/442692131/original/(m=eaf8GgaaaWavb)(mh=swXHoQRboXRZckfJ)6.jpg;https://ei.phncdn.com/videos/202311/09/442692131/original/(m=eaf8GgaaaWavb)(mh=swXHoQRboXRZckfJ)7.jpg;https://ei.phncdn.com/videos/202311/09/442692131/original/(m=eaf8GgaaaWavb)(mh=swXHoQRboXRZckfJ)8.jpg;https://ei.phncdn.com/videos/202311/09/442692131/original/(m=eaf8GgaaaWavb)(mh=swXHoQRboXRZckfJ)9.jpg;https://ei.phncdn.com/videos/202311/09/442692131/original/(m=eaf8GgaaaWavb)(mh=swXHoQRboXRZckfJ)10.jpg;https://ei.phncdn.com/videos/202311/09/442692131/original/(m=eaf8GgaaaWavb)(mh=swXHoQRboXRZckfJ)11.jpg;https://ei.phncdn.com/videos/202311/09/442692131/original/(m=eaf8GgaaaWavb)(mh=swXHoQRboXRZckfJ)12.jpg;https://ei.phncdn.com/videos/202311/09/442692131/original/(m=eaf8GgaaaWavb)(mh=swXHoQRboXRZckfJ)13.jpg;https://ei.phncdn.com/videos/202311/09/442692131/original/(m=eaf8GgaaaWavb)(mh=swXHoQRboXRZckfJ)14.jpg;https://ei.phncdn.com/videos/202311/09/442692131/original/(m=eaf8GgaaaWavb)(mh=swXHoQRboXRZckfJ)15.jpg;https://ei.phncdn.com/videos/202311/09/442692131/original/(m=eaf8GgaaaWavb)(mh=swXHoQRboXRZckfJ)16.jpg|Coney island|cock-and-ass;look-at-my-cone|Vertical Video||22|101|0|0|https://ei.phncdn.com/videos/202311/09/442692131/original/(m=eaAaGwObaaamqv)(mh=A5oQiLiG6EpPHM9L)1.jpg|https://ei.phncdn.com/videos/202311/09/442692131/original/(m=eaAaGwObaaamqv)(mh=A5oQiLiG6EpPHM9L)1.jpg;https://ei.phncdn.com/videos/202311/09/442692131/original/(m=eaAaGwObaaamqv)(mh=A5oQiLiG6EpPHM9L)2.jpg;https://ei.phncdn.com/videos/202311/09/442692131/original/(m=eaAaGwObaaamqv)(mh=A5oQiLiG6EpPHM9L)3.jpg;https://ei.phncdn.com/videos/202311/09/442692131/original/(m=eaAaGwObaaamqv)(mh=A5oQiLiG6EpPHM9L)4.jpg;https://ei.phncdn.com/videos/202311/09/442692131/original/(m=eaAaGwObaaamqv)(mh=A5oQiLiG6EpPHM9L)5.jpg;https://ei.phncdn.com/videos/202311/09/442692131/original/(m=eaAaGwObaaamqv)(mh=A5oQiLiG6EpPHM9L)6.jpg;https://ei.phncdn.com/videos/202311/09/442692131/original/(m=eaAaGwObaaamqv)(mh=A5oQiLiG6EpPHM9L)7.jpg;https://ei.phncdn.com/videos/202311/09/442692131/original/(m=eaAaGwObaaamqv)(mh=A5oQiLiG6EpPHM9L)8.jpg;https://ei.phncdn.com/videos/202311/09/442692131/original/(m=eaAaGwObaaamqv)(mh=A5oQiLiG6EpPHM9L)9.jpg;https://ei.phncdn.com/videos/202311/09/442692131/original/(m=eaAaGwObaaamqv)(mh=A5oQiLiG6EpPHM9L)10.jpg;https://ei.phncdn.com/videos/202311/09/442692131/original/(m=eaAaGwObaaamqv)(mh=A5oQiLiG6EpPHM9L)11.jpg;https://ei.phncdn.com/videos/202311/09/442692131/original/(m=eaAaGwObaaamqv)(mh=A5oQiLiG6EpPHM9L)12.jpg;https://ei.phncdn.com/videos/202311/09/442692131/original/(m=eaAaGwObaaamqv)(mh=A5oQiLiG6EpPHM9L)13.jpg;https://ei.phncdn.com/videos/202311/09/442692131/original/(m=eaAaGwObaaamqv)(mh=A5oQiLiG6EpPHM9L)14.jpg;https://ei.phncdn.com/videos/202311/09/442692131/original/(m=eaAaGwObaaamqv)(mh=A5oQiLiG6EpPHM9L)15.jpg;https://ei.phncdn.com/videos/202311/09/442692131/original/(m=eaAaGwObaaamqv)(mh=A5oQiLiG6EpPHM9L)16.jpg
<iframe src="https://www.pornhub.com/embed/6625a7e0a1f7e" frameborder="0" height="481" width="608" scrolling="no"></iframe>|https://ei.phncdn.com/videos/202404/21/451399571/original/(m=eaf8GgaaaWavb)(mh=8HTYWvLrjxHm-MtD)7.jpg|https://ei.phncdn.com/videos/202404/21/451399571/original/(m=eaf8GgaaaWavb)(mh=8HTYWvLrjxHm-MtD)1.jpg;https://ei.phncdn.com/videos/202404/21/451399571/original/(m=eaf8GgaaaWavb)(mh=8HTYWvLrjxHm-MtD)2.jpg;https://ei.phncdn.com/videos/202404/21/451399571/original/(m=eaf8GgaaaWavb)(mh=8HTYWvLrjxHm-MtD)3.jpg;https://ei.phncdn.com/videos/202404/21/451399571/original/(m=eaf8GgaaaWavb)(mh=8HTYWvLrjxHm-MtD)4.jpg;https://ei.phncdn.com/videos/202404/21/451399571/original/(m=eaf8GgaaaWavb)(mh=8HTYWvLrjxHm-MtD)5.jpg;https://ei.phncdn.com/videos/202404/21/451399571/original/(m=eaf8GgaaaWavb)(mh=8HTYWvLrjxHm-MtD)6.jpg;https://ei.phncdn.com/videos/202404/21/451399571/original/(m=eaf8GgaaaWavb)(mh=8HTYWvLrjxHm-MtD)7.jpg;https://ei.phncdn.com/videos/202404/21/451399571/original/(m=eaf8GgaaaWavb)(mh=8HTYWvLrjxHm-MtD)8.jpg;https://ei.phncdn.com/videos/202404/21/451399571/original/(m=eaf8GgaaaWavb)(mh=8HTYWvLrjxHm-MtD)9.jpg;https://ei.phncdn.com/videos/202404/21/451399571/original/(m=eaf8GgaaaWavb)(mh=8HTYWvLrjxHm-MtD)10.jpg;https://ei.phncdn.com/videos/202404/21/451399571/original/(m=eaf8GgaaaWavb)(mh=8HTYWvLrjxHm-MtD)11.jpg;https://ei.phncdn.com/videos/202404/21/451399571/original/(m=eaf8GgaaaWavb)(mh=8HTYWvLrjxHm-MtD)12.jpg;https://ei.phncdn.com/videos/202404/21/451399571/original/(m=eaf8GgaaaWavb)(mh=8HTYWvLrjxHm-MtD)13.jpg;https://ei.phncdn.com/videos/202404/21/451399571/original/(m=eaf8GgaaaWavb)(mh=8HTYWvLrjxHm-MtD)14.jpg;https://ei.phncdn.com/videos/202404/21/451399571/original/(m=eaf8GgaaaWavb)(mh=8HTYWvLrjxHm-MtD)15.jpg;https://ei.phncdn.com/videos/202404/21/451399571/original/(m=eaf8GgaaaWavb)(mh=8HTYWvLrjxHm-MtD)16.jpg|Amazon girl|figure;hentaifigure;hentai|Vertical Video||58|184|1|0|https://ei.phncdn.com/videos/202404/21/451399571/original/(m=eaAaGwObaaamqv)(mh=rm03OZshP2ZsV1ze)7.jpg|https://ei.phncdn.com/videos/202404/21/451399571/original/(m=eaAaGwObaaamqv)(mh=rm03OZshP2ZsV1ze)1.jpg;https://ei.phncdn.com/videos/202404/21/451399571/original/(m=eaAaGwObaaamqv)(mh=rm03OZshP2ZsV1ze)2.jpg;https://ei.phncdn.com/videos/202404/21/451399571/original/(m=eaAaGwObaaamqv)(mh=rm03OZshP2ZsV1ze)3.jpg;https://ei.phncdn.com/videos/202404/21/451399571/original/(m=eaAaGwObaaamqv)(mh=rm03OZshP2ZsV1ze)4.jpg;https://ei.phncdn.com/videos/202404/21/451399571/original/(m=eaAaGwObaaamqv)(mh=rm03OZshP2ZsV1ze)5.jpg;https://ei.phncdn.com/videos/202404/21/451399571/original/(m=eaAaGwObaaamqv)(mh=rm03OZshP2ZsV1ze)6.jpg;https://ei.phncdn.com/videos/202404/21/451399571/original/(m=eaAaGwObaaamqv)(mh=rm03OZshP2ZsV1ze)7.jpg;https://ei.phncdn.com/videos/202404/21/451399571/original/(m=eaAaGwObaaamqv)(mh=rm03OZshP2ZsV1ze)8.jpg;https://ei.phncdn.com/videos/202404/21/451399571/original/(m=eaAaGwObaaamqv)(mh=rm03OZshP2ZsV1ze)9.jpg;https://ei.phncdn.com/videos/202404/21/451399571/original/(m=eaAaGwObaaamqv)(mh=rm03OZshP2ZsV1ze)10.jpg;https://ei.phncdn.com/videos/202404/21/451399571/original/(m=eaAaGwObaaamqv)(mh=rm03OZshP2ZsV1ze)11.jpg;https://ei.phncdn.com/videos/202404/21/451399571/original/(m=eaAaGwObaaamqv)(mh=rm03OZshP2ZsV1ze)12.jpg;https://ei.phncdn.com/videos/202404/21/451399571/original/(m=eaAaGwObaaamqv)(mh=rm03OZshP2ZsV1ze)13.jpg;https://ei.phncdn.com/videos/202404/21/451399571/original/(m=eaAaGwObaaamqv)(mh=rm03OZshP2ZsV1ze)14.jpg;https://ei.phncdn.com/videos/202404/21/451399571/original/(m=eaAaGwObaaamqv)(mh=rm03OZshP2ZsV1ze)15.jpg;https://ei.phncdn.com/videos/202404/21/451399571/original/(m=eaAaGwObaaamqv)(mh=rm03OZshP2ZsV1ze)16.jpg
<iframe src="https://www.pornhub.com/embed/6690913049843" frameborder="0" height="481" width="608" scrolling="no"></iframe>|https://ei.phncdn.com/videos/202407/12/455060491/original/(m=eaf8GgaaaWavb)(mh=Vp-LbQ5Acq2OHodS)16.jpg|https://ei.phncdn.com/videos/202407/12/455060491/original/(m=eaf8GgaaaWavb)(mh=Vp-LbQ5Acq2OHodS)1.jpg;https://ei.phncdn.com/videos/202407/12/455060491/original/(m=eaf8GgaaaWavb)(mh=Vp-LbQ5Acq2OHodS)2.jpg;https://ei.phncdn.com/videos/202407/12/455060491/original/(m=eaf8GgaaaWavb)(mh=Vp-LbQ5Acq2OHodS)3.jpg;https://ei.phncdn.com/videos/202407/12/455060491/original/(m=eaf8GgaaaWavb)(mh=Vp-LbQ5Acq2OHodS)4.jpg;https://ei.phncdn.com/videos/202407/12/455060491/original/(m=eaf8GgaaaWavb)(mh=Vp-LbQ5Acq2OHodS)5.jpg;https://ei.phncdn.com/videos/202407/12/455060491/original/(m=eaf8GgaaaWavb)(mh=Vp-LbQ5Acq2OHodS)6.jpg;https://ei.phncdn.com/videos/202407/12/455060491/original/(m=eaf8GgaaaWavb)(mh=Vp-LbQ5Acq2OHodS)7.jpg;https://ei.phncdn.com/videos/202407/12/455060491/original/(m=eaf8GgaaaWavb)(mh=Vp-LbQ5Acq2OHodS)8.jpg;https://ei.phncdn.com/videos/202407/12/455060491/original/(m=eaf8GgaaaWavb)(mh=Vp-LbQ5Acq2OHodS)9.jpg;https://ei.phncdn.com/videos/202407/12/455060491/original/(m=eaf8GgaaaWavb)(mh=Vp-LbQ5Acq2OHodS)10.jpg;https://ei.phncdn.com/videos/202407/12/455060491/original/(m=eaf8GgaaaWavb)(mh=Vp-LbQ5Acq2OHodS)11.jpg;https://ei.phncdn.com/videos/202407/12/455060491/original/(m=eaf8GgaaaWavb)(mh=Vp-LbQ5Acq2OHodS)12.jpg;https://ei.phncdn.com/videos/202407/12/455060491/original/(m=eaf8GgaaaWavb)(mh=Vp-LbQ5Acq2OHodS)13.jpg;https://ei.phncdn.com/videos/202407/12/455060491/original/(m=eaf8GgaaaWavb)(mh=Vp-LbQ5Acq2OHodS)14.jpg;https://ei.phncdn.com/videos/202407/12/455060491/original/(m=eaf8GgaaaWavb)(mh=Vp-LbQ5Acq2OHodS)15.jpg;https://ei.phncdn.com/videos/202407/12/455060491/original/(m=eaf8GgaaaWavb)(mh=Vp-LbQ5Acq2OHodS)16.jpg|Coming soon sexy beautiful new content request you custom today|foot-fetish;femdom;big-feet|Vertical Video||6|0|||https://ei.phncdn.com/videos/202407/12/455060491/original/(m=eaAaGwObaaamqv)(mh=QLwndY50fnwFUKyH)16.jpg|https://ei.phncdn.com/videos/202407/12/455060491/original/(m=eaAaGwObaaamqv)(mh=QLwndY50fnwFUKyH)1.jpg;https://ei.phncdn.com/videos/202407/12/455060491/original/(m=eaAaGwObaaamqv)(mh=QLwndY50fnwFUKyH)2.jpg;https://ei.phncdn.com/videos/202407/12/455060491/original/(m=eaAaGwObaaamqv)(mh=QLwndY50fnwFUKyH)3.jpg;https://ei.phncdn.com/videos/202407/12/455060491/original/(m=eaAaGwObaaamqv)(mh=QLwndY50fnwFUKyH)4.jpg;https://ei.phncdn.com/videos/202407/12/455060491/original/(m=eaAaGwObaaamqv)(mh=QLwndY50fnwFUKyH)5.jpg;https://ei.phncdn.com/videos/202407/12/455060491/original/(m=eaAaGwObaaamqv)(mh=QLwndY50fnwFUKyH)6.jpg;https://ei.phncdn.com/videos/202407/12/455060491/original/(m=eaAaGwObaaamqv)(mh=QLwndY50fnwFUKyH)7.jpg;https://ei.phncdn.com/videos/202407/12/455060491/original/(m=eaAaGwObaaamqv)(mh=QLwndY50fnwFUKyH)8.jpg;https://ei.phncdn.com/videos/202407/12/455060491/original/(m=eaAaGwObaaamqv)(mh=QLwndY50fnwFUKyH)9.jpg;https://ei.phncdn.com/videos/202407/12/455060491/original/(m=eaAaGwObaaamqv)(mh=QLwndY50fnwFUKyH)10.jpg;https://ei.phncdn.com/videos/202407/12/455060491/original/(m=eaAaGwObaaamqv)(mh=QLwndY50fnwFUKyH)11.jpg;https://ei.phncdn.com/videos/202407/12/455060491/original/(m=eaAaGwObaaamqv)(mh=QLwndY50fnwFUKyH)12.jpg;https://ei.phncdn.com/videos/202407/12/455060491/original/(m=eaAaGwObaaamqv)(mh=QLwndY50fnwFUKyH)13.jpg;https://ei.phncdn.com/videos/202407/12/455060491/original/(m=eaAaGwObaaamqv)(mh=QLwndY50fnwFUKyH)14.jpg;https://ei.phncdn.com/videos/202407/12/455060491/original/(m=eaAaGwObaaamqv)(mh=QLwndY50fnwFUKyH)15.jpg;https://ei.phncdn.com/videos/202407/12/455060491/original/(m=eaAaGwObaaamqv)(mh=QLwndY50fnwFUKyH)16.jpg
<iframe src="https://www.pornhub.com/embed/6853d5ae74d70" frameborder="0" height="481" width="608" scrolling="no"></iframe>|https://ei.phncdn.com/videos/202506/19/470558375/original/(m=qIKW8M0beaf8GgaaaWavb)(mh=5-DBbrQ8-FSU-Nb7)0.jpg|https://ei.phncdn.com/videos/202506/19/470558375/original/(m=eaf8GgaaaWavb)(mh=ev6wWfki3ao-6jiU)1.jpg;https://ei.phncdn.com/videos/202506/19/470558375/original/(m=eaf8GgaaaWavb)(mh=ev6wWfki3ao-6jiU)2.jpg;https://ei.phncdn.com/videos/202506/19/470558375/original/(m=eaf8GgaaaWavb)(mh=ev6wWfki3ao-6jiU)3.jpg;https://ei.phncdn.com/videos/202506/19/470558375/original/(m=eaf8GgaaaWavb)(mh=ev6wWfki3ao-6jiU)4.jpg;https://ei.phncdn.com/videos/202506/19/470558375/original/(m=eaf8GgaaaWavb)(mh=ev6wWfki3ao-6jiU)5.jpg;https://ei.phncdn.com/videos/202506/19/470558375/original/(m=eaf8GgaaaWavb)(mh=ev6wWfki3ao-6jiU)6.jpg;https://ei.phncdn.com/videos/202506/19/470558375/original/(m=eaf8GgaaaWavb)(mh=ev6wWfki3ao-6jiU)7.jpg;https://ei.phncdn.com/videos/202506/19/470558375/original/(m=eaf8GgaaaWavb)(mh=ev6wWfki3ao-6jiU)8.jpg;https://ei.phncdn.com/videos/202506/19/470558375/original/(m=eaf8GgaaaWavb)(mh=ev6wWfki3ao-6jiU)9.jpg;https://ei.phncdn.com/videos/202506/19/470558375/original/(m=eaf8GgaaaWavb)(mh=ev6wWfki3ao-6jiU)10.jpg;https://ei.phncdn.com/videos/202506/19/470558375/original/(m=eaf8GgaaaWavb)(mh=ev6wWfki3ao-6jiU)11.jpg;https://ei.phncdn.com/videos/202506/19/470558375/original/(m=eaf8GgaaaWavb)(mh=ev6wWfki3ao-6jiU)12.jpg;https://ei.phncdn.com/videos/202506/19/470558375/original/(m=eaf8GgaaaWavb)(mh=ev6wWfki3ao-6jiU)13.jpg;https://ei.phncdn.com/videos/202506/19/470558375/original/(m=eaf8GgaaaWavb)(mh=ev6wWfki3ao-6jiU)14.jpg;https://ei.phncdn.com/videos/202506/19/470558375/original/(m=eaf8GgaaaWavb)(mh=ev6wWfki3ao-6jiU)15.jpg;https://ei.phncdn.com/videos/202506/19/470558375/original/(m=eaf8GgaaaWavb)(mh=ev6wWfki3ao-6jiU)16.jpg|Celeste by Real Lady – Ultra-Realistic 168cm Silicone Sex Doll with Big E-Cup Tits|sex-doll;realistic-body;celeste-doll;premium-sex-doll;real-lady;realistic-sex-doll;silicone-sex-doll;168cm-doll;realistic-tits;real-lady-doll;sex-doll-video;big-tits-doll;e-cup-sex-doll;realistic-curves;doll-showcase;life-size-sex-doll|Vertical Video||28|1560|32|3|https://ei.phncdn.com/videos/202506/19/470558375/original/(m=qIKW8M0beaAaGwObaaamqv)(mh=8iPb-57EmVvq6X9S)0.jpg|https://ei.phncdn.com/videos/202506/19/470558375/original/(m=eaAaGwObaaamqv)(mh=MZUNect31rYPH5rz)1.jpg;https://ei.phncdn.com/videos/202506/19/470558375/original/(m=eaAaGwObaaamqv)(mh=MZUNect31rYPH5rz)2.jpg;https://ei.phncdn.com/videos/202506/19/470558375/original/(m=eaAaGwObaaamqv)(mh=MZUNect31rYPH5rz)3.jpg;https://ei.phncdn.com/videos/202506/19/470558375/original/(m=eaAaGwObaaamqv)(mh=MZUNect31rYPH5rz)4.jpg;https://ei.phncdn.com/videos/202506/19/470558375/original/(m=eaAaGwObaaamqv)(mh=MZUNect31rYPH5rz)5.jpg;https://ei.phncdn.com/videos/202506/19/470558375/original/(m=eaAaGwObaaamqv)(mh=MZUNect31rYPH5rz)6.jpg;https://ei.phncdn.com/videos/202506/19/470558375/original/(m=eaAaGwObaaamqv)(mh=MZUNect31rYPH5rz)7.jpg;https://ei.phncdn.com/videos/202506/19/470558375/original/(m=eaAaGwObaaamqv)(mh=MZUNect31rYPH5rz)8.jpg;https://ei.phncdn.com/videos/202506/19/470558375/original/(m=eaAaGwObaaamqv)(mh=MZUNect31rYPH5rz)9.jpg;https://ei.phncdn.com/videos/202506/19/470558375/original/(m=eaAaGwObaaamqv)(mh=MZUNect31rYPH5rz)10.jpg;https://ei.phncdn.com/videos/202506/19/470558375/original/(m=eaAaGwObaaamqv)(mh=MZUNect31rYPH5rz)11.jpg;https://ei.phncdn.com/videos/202506/19/470558375/original/(m=eaAaGwObaaamqv)(mh=MZUNect31rYPH5rz)12.jpg;https://ei.phncdn.com/videos/202506/19/470558375/original/(m=eaAaGwObaaamqv)(mh=MZUNect31rYPH5rz)13.jpg;https://ei.phncdn.com/videos/202506/19/470558375/original/(m=eaAaGwObaaamqv)(mh=MZUNect31rYPH5rz)14.jpg;https://ei.phncdn.com/videos/202506/19/470558375/original/(m=eaAaGwObaaamqv)(mh=MZUNect31rYPH5rz)15.jpg;https://ei.phncdn.com/videos/202506/19/470558375/original/(m=eaAaGwObaaamqv)(mh=MZUNect31rYPH5rz)16.jpg
